,year,month,day,season
1,2008,1,1,1
2,2008,1,2,1
3,2008,1,3,1
4,2008,1,4,1
5,2008,1,5,1
6,2008,1,6,1
7,2008,1,7,1
8,2008,1,8,1
9,2008,1,9,1
10,2008,1,10,1
11,2008,1,11,1
12,2008,1,12,1
13,2008,1,13,1
14,2008,1,14,1
15,2008,1,15,1
16,2008,1,16,1
17,2008,1,17,1
18,2008,1,18,1
19,2008,1,19,1
20,2008,1,20,1
21,2008,1,21,1
22,2008,1,22,1
23,2008,1,23,1
24,2008,1,24,1
25,2008,1,25,1
26,2008,1,26,1
27,2008,1,27,1
28,2008,1,28,1
29,2008,1,29,1
30,2008,1,30,1
31,2008,1,31,1
32,2008,2,1,1
33,2008,2,2,1
34,2008,2,3,1
35,2008,2,4,1
36,2008,2,5,1
37,2008,2,6,1
38,2008,2,7,1
39,2008,2,8,1
40,2008,2,9,1
41,2008,2,10,1
42,2008,2,11,1
43,2008,2,12,1
44,2008,2,13,1
45,2008,2,14,1
46,2008,2,15,1
47,2008,2,16,1
48,2008,2,17,1
49,2008,2,18,1
50,2008,2,19,1
51,2008,2,20,1
52,2008,2,21,1
53,2008,2,22,1
54,2008,2,23,1
55,2008,2,24,1
56,2008,2,25,1
57,2008,2,26,1
58,2008,2,27,1
59,2008,2,28,1
60,2008,2,29,1
61,2008,3,1,2
62,2008,3,2,2
63,2008,3,3,2
64,2008,3,4,2
65,2008,3,5,2
66,2008,3,6,2
67,2008,3,7,2
68,2008,3,8,2
69,2008,3,9,2
70,2008,3,10,2
71,2008,3,11,2
72,2008,3,12,2
73,2008,3,13,2
74,2008,3,14,2
75,2008,3,15,2
76,2008,3,16,2
77,2008,3,17,2
78,2008,3,18,2
79,2008,3,19,2
80,2008,3,20,2
81,2008,3,21,2
82,2008,3,22,2
83,2008,3,23,2
84,2008,3,24,2
85,2008,3,25,2
86,2008,3,26,2
87,2008,3,27,2
88,2008,3,28,2
89,2008,3,29,2
90,2008,3,30,2
91,2008,3,31,2
92,2008,4,1,2
93,2008,4,2,2
94,2008,4,3,2
95,2008,4,4,2
96,2008,4,5,2
97,2008,4,6,2
98,2008,4,7,2
99,2008,4,8,2
100,2008,4,9,2
101,2008,4,10,2
102,2008,4,11,2
103,2008,4,12,2
104,2008,4,13,2
105,2008,4,14,2
106,2008,4,15,2
107,2008,4,16,2
108,2008,4,17,2
109,2008,4,18,2
110,2008,4,19,2
111,2008,4,20,2
112,2008,4,21,2
113,2008,4,22,2
114,2008,4,23,2
115,2008,4,24,2
116,2008,4,25,2
117,2008,4,26,2
118,2008,4,27,2
119,2008,4,28,2
120,2008,4,29,2
121,2008,4,30,2
122,2008,5,1,2
123,2008,5,2,2
124,2008,5,3,2
125,2008,5,4,2
126,2008,5,5,2
127,2008,5,6,2
128,2008,5,7,2
129,2008,5,8,2
130,2008,5,9,2
131,2008,5,10,2
132,2008,5,11,2
133,2008,5,12,2
134,2008,5,13,2
135,2008,5,14,2
136,2008,5,15,2
137,2008,5,16,2
138,2008,5,17,2
139,2008,5,18,2
140,2008,5,19,2
141,2008,5,20,2
142,2008,5,21,2
143,2008,5,22,2
144,2008,5,23,2
145,2008,5,24,2
146,2008,5,25,2
147,2008,5,26,2
148,2008,5,27,2
149,2008,5,28,2
150,2008,5,29,2
151,2008,5,30,2
152,2008,5,31,2
153,2008,6,1,3
154,2008,6,2,3
155,2008,6,3,3
156,2008,6,4,3
157,2008,6,5,3
158,2008,6,6,3
159,2008,6,7,3
160,2008,6,8,3
161,2008,6,9,3
162,2008,6,10,3
163,2008,6,11,3
164,2008,6,12,3
165,2008,6,13,3
166,2008,6,14,3
167,2008,6,15,3
168,2008,6,16,3
169,2008,6,17,3
170,2008,6,18,3
171,2008,6,19,3
172,2008,6,20,3
173,2008,6,21,3
174,2008,6,22,3
175,2008,6,23,3
176,2008,6,24,3
177,2008,6,25,3
178,2008,6,26,3
179,2008,6,27,3
180,2008,6,28,3
181,2008,6,29,3
182,2008,6,30,3
183,2008,7,1,3
184,2008,7,2,3
185,2008,7,3,3
186,2008,7,4,3
187,2008,7,5,3
188,2008,7,6,3
189,2008,7,7,3
190,2008,7,8,3
191,2008,7,9,3
192,2008,7,10,3
193,2008,7,11,3
194,2008,7,12,3
195,2008,7,13,3
196,2008,7,14,3
197,2008,7,15,3
198,2008,7,16,3
199,2008,7,17,3
200,2008,7,18,3
201,2008,7,19,3
202,2008,7,20,3
203,2008,7,21,3
204,2008,7,22,3
205,2008,7,23,3
206,2008,7,24,3
207,2008,7,25,3
208,2008,7,26,3
209,2008,7,27,3
210,2008,7,28,3
211,2008,7,29,3
212,2008,7,30,3
213,2008,7,31,3
214,2008,8,1,3
215,2008,8,2,3
216,2008,8,3,3
217,2008,8,4,3
218,2008,8,5,3
219,2008,8,6,3
220,2008,8,7,3
221,2008,8,8,3
222,2008,8,9,3
223,2008,8,10,3
224,2008,8,11,3
225,2008,8,12,3
226,2008,8,13,3
227,2008,8,14,3
228,2008,8,15,3
229,2008,8,16,3
230,2008,8,17,3
231,2008,8,18,3
232,2008,8,19,3
233,2008,8,20,3
234,2008,8,21,3
235,2008,8,22,3
236,2008,8,23,3
237,2008,8,24,3
238,2008,8,25,3
239,2008,8,26,3
240,2008,8,27,3
241,2008,8,28,3
242,2008,8,29,3
243,2008,8,30,3
244,2008,8,31,3
245,2008,9,1,4
246,2008,9,2,4
247,2008,9,3,4
248,2008,9,4,4
249,2008,9,5,4
250,2008,9,6,4
251,2008,9,7,4
252,2008,9,8,4
253,2008,9,9,4
254,2008,9,10,4
255,2008,9,11,4
256,2008,9,12,4
257,2008,9,13,4
258,2008,9,14,4
259,2008,9,15,4
260,2008,9,16,4
261,2008,9,17,4
262,2008,9,18,4
263,2008,9,19,4
264,2008,9,20,4
265,2008,9,21,4
266,2008,9,22,4
267,2008,9,23,4
268,2008,9,24,4
269,2008,9,25,4
270,2008,9,26,4
271,2008,9,27,4
272,2008,9,28,4
273,2008,9,29,4
274,2008,9,30,4
275,2008,10,1,4
276,2008,10,2,4
277,2008,10,3,4
278,2008,10,4,4
279,2008,10,5,4
280,2008,10,6,4
281,2008,10,7,4
282,2008,10,8,4
283,2008,10,9,4
284,2008,10,10,4
285,2008,10,11,4
286,2008,10,12,4
287,2008,10,13,4
288,2008,10,14,4
289,2008,10,15,4
290,2008,10,16,4
291,2008,10,17,4
292,2008,10,18,4
293,2008,10,19,4
294,2008,10,20,4
295,2008,10,21,4
296,2008,10,22,4
297,2008,10,23,4
298,2008,10,24,4
299,2008,10,25,4
300,2008,10,26,4
301,2008,10,27,4
302,2008,10,28,4
303,2008,10,29,4
304,2008,10,30,4
305,2008,10,31,4
306,2008,11,1,4
307,2008,11,2,4
308,2008,11,3,4
309,2008,11,4,4
310,2008,11,5,4
311,2008,11,6,4
312,2008,11,7,4
313,2008,11,8,4
314,2008,11,9,4
315,2008,11,10,4
316,2008,11,11,4
317,2008,11,12,4
318,2008,11,13,4
319,2008,11,14,4
320,2008,11,15,4
321,2008,11,16,4
322,2008,11,17,4
323,2008,11,18,4
324,2008,11,19,4
325,2008,11,20,4
326,2008,11,21,4
327,2008,11,22,4
328,2008,11,23,4
329,2008,11,24,4
330,2008,11,25,4
331,2008,11,26,4
332,2008,11,27,4
333,2008,11,28,4
334,2008,11,29,4
335,2008,11,30,4
336,2008,12,1,1
337,2008,12,2,1
338,2008,12,3,1
339,2008,12,4,1
340,2008,12,5,1
341,2008,12,6,1
342,2008,12,7,1
343,2008,12,8,1
344,2008,12,9,1
345,2008,12,10,1
346,2008,12,11,1
347,2008,12,12,1
348,2008,12,13,1
349,2008,12,14,1
350,2008,12,15,1
351,2008,12,16,1
352,2008,12,17,1
353,2008,12,18,1
354,2008,12,19,1
355,2008,12,20,1
356,2008,12,21,1
357,2008,12,22,1
358,2008,12,23,1
359,2008,12,24,1
360,2008,12,25,1
361,2008,12,26,1
362,2008,12,27,1
363,2008,12,28,1
364,2008,12,29,1
365,2008,12,30,1
366,2008,12,31,1
367,2009,1,1,1
368,2009,1,2,1
369,2009,1,3,1
370,2009,1,4,1
371,2009,1,5,1
372,2009,1,6,1
373,2009,1,7,1
374,2009,1,8,1
375,2009,1,9,1
376,2009,1,10,1
377,2009,1,11,1
378,2009,1,12,1
379,2009,1,13,1
380,2009,1,14,1
381,2009,1,15,1
382,2009,1,16,1
383,2009,1,17,1
384,2009,1,18,1
385,2009,1,19,1
386,2009,1,20,1
387,2009,1,21,1
388,2009,1,22,1
389,2009,1,23,1
390,2009,1,24,1
391,2009,1,25,1
392,2009,1,26,1
393,2009,1,27,1
394,2009,1,28,1
395,2009,1,29,1
396,2009,1,30,1
397,2009,1,31,1
398,2009,2,1,1
399,2009,2,2,1
400,2009,2,3,1
401,2009,2,4,1
402,2009,2,5,1
403,2009,2,6,1
404,2009,2,7,1
405,2009,2,8,1
406,2009,2,9,1
407,2009,2,10,1
408,2009,2,11,1
409,2009,2,12,1
410,2009,2,13,1
411,2009,2,14,1
412,2009,2,15,1
413,2009,2,16,1
414,2009,2,17,1
415,2009,2,18,1
416,2009,2,19,1
417,2009,2,20,1
418,2009,2,21,1
419,2009,2,22,1
420,2009,2,23,1
421,2009,2,24,1
422,2009,2,25,1
423,2009,2,26,1
424,2009,2,27,1
425,2009,2,28,1
426,2009,3,1,2
427,2009,3,2,2
428,2009,3,3,2
429,2009,3,4,2
430,2009,3,5,2
431,2009,3,6,2
432,2009,3,7,2
433,2009,3,8,2
434,2009,3,9,2
435,2009,3,10,2
436,2009,3,11,2
437,2009,3,12,2
438,2009,3,13,2
439,2009,3,14,2
440,2009,3,15,2
441,2009,3,16,2
442,2009,3,17,2
443,2009,3,18,2
444,2009,3,19,2
445,2009,3,20,2
446,2009,3,21,2
447,2009,3,22,2
448,2009,3,23,2
449,2009,3,24,2
450,2009,3,25,2
451,2009,3,26,2
452,2009,3,27,2
453,2009,3,28,2
454,2009,3,29,2
455,2009,3,30,2
456,2009,3,31,2
457,2009,4,1,2
458,2009,4,2,2
459,2009,4,3,2
460,2009,4,4,2
461,2009,4,5,2
462,2009,4,6,2
463,2009,4,7,2
464,2009,4,8,2
465,2009,4,9,2
466,2009,4,10,2
467,2009,4,11,2
468,2009,4,12,2
469,2009,4,13,2
470,2009,4,14,2
471,2009,4,15,2
472,2009,4,16,2
473,2009,4,17,2
474,2009,4,18,2
475,2009,4,19,2
476,2009,4,20,2
477,2009,4,21,2
478,2009,4,22,2
479,2009,4,23,2
480,2009,4,24,2
481,2009,4,25,2
482,2009,4,26,2
483,2009,4,27,2
484,2009,4,28,2
485,2009,4,29,2
486,2009,4,30,2
487,2009,5,1,2
488,2009,5,2,2
489,2009,5,3,2
490,2009,5,4,2
491,2009,5,5,2
492,2009,5,6,2
493,2009,5,7,2
494,2009,5,8,2
495,2009,5,9,2
496,2009,5,10,2
497,2009,5,11,2
498,2009,5,12,2
499,2009,5,13,2
500,2009,5,14,2
501,2009,5,15,2
502,2009,5,16,2
503,2009,5,17,2
504,2009,5,18,2
505,2009,5,19,2
506,2009,5,20,2
507,2009,5,21,2
508,2009,5,22,2
509,2009,5,23,2
510,2009,5,24,2
511,2009,5,25,2
512,2009,5,26,2
513,2009,5,27,2
514,2009,5,28,2
515,2009,5,29,2
516,2009,5,30,2
517,2009,5,31,2
518,2009,6,1,3
519,2009,6,2,3
520,2009,6,3,3
521,2009,6,4,3
522,2009,6,5,3
523,2009,6,6,3
524,2009,6,7,3
525,2009,6,8,3
526,2009,6,9,3
527,2009,6,10,3
528,2009,6,11,3
529,2009,6,12,3
530,2009,6,13,3
531,2009,6,14,3
532,2009,6,15,3
533,2009,6,16,3
534,2009,6,17,3
535,2009,6,18,3
536,2009,6,19,3
537,2009,6,20,3
538,2009,6,21,3
539,2009,6,22,3
540,2009,6,23,3
541,2009,6,24,3
542,2009,6,25,3
543,2009,6,26,3
544,2009,6,27,3
545,2009,6,28,3
546,2009,6,29,3
547,2009,6,30,3
548,2009,7,1,3
549,2009,7,2,3
550,2009,7,3,3
551,2009,7,4,3
552,2009,7,5,3
553,2009,7,6,3
554,2009,7,7,3
555,2009,7,8,3
556,2009,7,9,3
557,2009,7,10,3
558,2009,7,11,3
559,2009,7,12,3
560,2009,7,13,3
561,2009,7,14,3
562,2009,7,15,3
563,2009,7,16,3
564,2009,7,17,3
565,2009,7,18,3
566,2009,7,19,3
567,2009,7,20,3
568,2009,7,21,3
569,2009,7,22,3
570,2009,7,23,3
571,2009,7,24,3
572,2009,7,25,3
573,2009,7,26,3
574,2009,7,27,3
575,2009,7,28,3
576,2009,7,29,3
577,2009,7,30,3
578,2009,7,31,3
579,2009,8,1,3
580,2009,8,2,3
581,2009,8,3,3
582,2009,8,4,3
583,2009,8,5,3
584,2009,8,6,3
585,2009,8,7,3
586,2009,8,8,3
587,2009,8,9,3
588,2009,8,10,3
589,2009,8,11,3
590,2009,8,12,3
591,2009,8,13,3
592,2009,8,14,3
593,2009,8,15,3
594,2009,8,16,3
595,2009,8,17,3
596,2009,8,18,3
597,2009,8,19,3
598,2009,8,20,3
599,2009,8,21,3
600,2009,8,22,3
601,2009,8,23,3
602,2009,8,24,3
603,2009,8,25,3
604,2009,8,26,3
605,2009,8,27,3
606,2009,8,28,3
607,2009,8,29,3
608,2009,8,30,3
609,2009,8,31,3
610,2009,9,1,4
611,2009,9,2,4
612,2009,9,3,4
613,2009,9,4,4
614,2009,9,5,4
615,2009,9,6,4
616,2009,9,7,4
617,2009,9,8,4
618,2009,9,9,4
619,2009,9,10,4
620,2009,9,11,4
621,2009,9,12,4
622,2009,9,13,4
623,2009,9,14,4
624,2009,9,15,4
625,2009,9,16,4
626,2009,9,17,4
627,2009,9,18,4
628,2009,9,19,4
629,2009,9,20,4
630,2009,9,21,4
631,2009,9,22,4
632,2009,9,23,4
633,2009,9,24,4
634,2009,9,25,4
635,2009,9,26,4
636,2009,9,27,4
637,2009,9,28,4
638,2009,9,29,4
639,2009,9,30,4
640,2009,10,1,4
641,2009,10,2,4
642,2009,10,3,4
643,2009,10,4,4
644,2009,10,5,4
645,2009,10,6,4
646,2009,10,7,4
647,2009,10,8,4
648,2009,10,9,4
649,2009,10,10,4
650,2009,10,11,4
651,2009,10,12,4
652,2009,10,13,4
653,2009,10,14,4
654,2009,10,15,4
655,2009,10,16,4
656,2009,10,17,4
657,2009,10,18,4
658,2009,10,19,4
659,2009,10,20,4
660,2009,10,21,4
661,2009,10,22,4
662,2009,10,23,4
663,2009,10,24,4
664,2009,10,25,4
665,2009,10,26,4
666,2009,10,27,4
667,2009,10,28,4
668,2009,10,29,4
669,2009,10,30,4
670,2009,10,31,4
671,2009,11,1,4
672,2009,11,2,4
673,2009,11,3,4
674,2009,11,4,4
675,2009,11,5,4
676,2009,11,6,4
677,2009,11,7,4
678,2009,11,8,4
679,2009,11,9,4
680,2009,11,10,4
681,2009,11,11,4
682,2009,11,12,4
683,2009,11,13,4
684,2009,11,14,4
685,2009,11,15,4
686,2009,11,16,4
687,2009,11,17,4
688,2009,11,18,4
689,2009,11,19,4
690,2009,11,20,4
691,2009,11,21,4
692,2009,11,22,4
693,2009,11,23,4
694,2009,11,24,4
695,2009,11,25,4
696,2009,11,26,4
697,2009,11,27,4
698,2009,11,28,4
699,2009,11,29,4
700,2009,11,30,4
701,2009,12,1,1
702,2009,12,2,1
703,2009,12,3,1
704,2009,12,4,1
705,2009,12,5,1
706,2009,12,6,1
707,2009,12,7,1
708,2009,12,8,1
709,2009,12,9,1
710,2009,12,10,1
711,2009,12,11,1
712,2009,12,12,1
713,2009,12,13,1
714,2009,12,14,1
715,2009,12,15,1
716,2009,12,16,1
717,2009,12,17,1
718,2009,12,18,1
719,2009,12,19,1
720,2009,12,20,1
721,2009,12,21,1
722,2009,12,22,1
723,2009,12,23,1
724,2009,12,24,1
725,2009,12,25,1
726,2009,12,26,1
727,2009,12,27,1
728,2009,12,28,1
729,2009,12,29,1
730,2009,12,30,1
731,2009,12,31,1
732,2010,1,1,1
733,2010,1,2,1
734,2010,1,3,1
735,2010,1,4,1
736,2010,1,5,1
737,2010,1,6,1
738,2010,1,7,1
739,2010,1,8,1
740,2010,1,9,1
741,2010,1,10,1
742,2010,1,11,1
743,2010,1,12,1
744,2010,1,13,1
745,2010,1,14,1
746,2010,1,15,1
747,2010,1,16,1
748,2010,1,17,1
749,2010,1,18,1
750,2010,1,19,1
751,2010,1,20,1
752,2010,1,21,1
753,2010,1,22,1
754,2010,1,23,1
755,2010,1,24,1
756,2010,1,25,1
757,2010,1,26,1
758,2010,1,27,1
759,2010,1,28,1
760,2010,1,29,1
761,2010,1,30,1
762,2010,1,31,1
763,2010,2,1,1
764,2010,2,2,1
765,2010,2,3,1
766,2010,2,4,1
767,2010,2,5,1
768,2010,2,6,1
769,2010,2,7,1
770,2010,2,8,1
771,2010,2,9,1
772,2010,2,10,1
773,2010,2,11,1
774,2010,2,12,1
775,2010,2,13,1
776,2010,2,14,1
777,2010,2,15,1
778,2010,2,16,1
779,2010,2,17,1
780,2010,2,18,1
781,2010,2,19,1
782,2010,2,20,1
783,2010,2,21,1
784,2010,2,22,1
785,2010,2,23,1
786,2010,2,24,1
787,2010,2,25,1
788,2010,2,26,1
789,2010,2,27,1
790,2010,2,28,1
791,2010,3,1,2
792,2010,3,2,2
793,2010,3,3,2
794,2010,3,4,2
795,2010,3,5,2
796,2010,3,6,2
797,2010,3,7,2
798,2010,3,8,2
799,2010,3,9,2
800,2010,3,10,2
801,2010,3,11,2
802,2010,3,12,2
803,2010,3,13,2
804,2010,3,14,2
805,2010,3,15,2
806,2010,3,16,2
807,2010,3,17,2
808,2010,3,18,2
809,2010,3,19,2
810,2010,3,20,2
811,2010,3,21,2
812,2010,3,22,2
813,2010,3,23,2
814,2010,3,24,2
815,2010,3,25,2
816,2010,3,26,2
817,2010,3,27,2
818,2010,3,28,2
819,2010,3,29,2
820,2010,3,30,2
821,2010,3,31,2
822,2010,4,1,2
823,2010,4,2,2
824,2010,4,3,2
825,2010,4,4,2
826,2010,4,5,2
827,2010,4,6,2
828,2010,4,7,2
829,2010,4,8,2
830,2010,4,9,2
831,2010,4,10,2
832,2010,4,11,2
833,2010,4,12,2
834,2010,4,13,2
835,2010,4,14,2
836,2010,4,15,2
837,2010,4,16,2
838,2010,4,17,2
839,2010,4,18,2
840,2010,4,19,2
841,2010,4,20,2
842,2010,4,21,2
843,2010,4,22,2
844,2010,4,23,2
845,2010,4,24,2
846,2010,4,25,2
847,2010,4,26,2
848,2010,4,27,2
849,2010,4,28,2
850,2010,4,29,2
851,2010,4,30,2
852,2010,5,1,2
853,2010,5,2,2
854,2010,5,3,2
855,2010,5,4,2
856,2010,5,5,2
857,2010,5,6,2
858,2010,5,7,2
859,2010,5,8,2
860,2010,5,9,2
861,2010,5,10,2
862,2010,5,11,2
863,2010,5,12,2
864,2010,5,13,2
865,2010,5,14,2
866,2010,5,15,2
867,2010,5,16,2
868,2010,5,17,2
869,2010,5,18,2
870,2010,5,19,2
871,2010,5,20,2
872,2010,5,21,2
873,2010,5,22,2
874,2010,5,23,2
875,2010,5,24,2
876,2010,5,25,2
877,2010,5,26,2
878,2010,5,27,2
879,2010,5,28,2
880,2010,5,29,2
881,2010,5,30,2
882,2010,5,31,2
883,2010,6,1,3
884,2010,6,2,3
885,2010,6,3,3
886,2010,6,4,3
887,2010,6,5,3
888,2010,6,6,3
889,2010,6,7,3
890,2010,6,8,3
891,2010,6,9,3
892,2010,6,10,3
893,2010,6,11,3
894,2010,6,12,3
895,2010,6,13,3
896,2010,6,14,3
897,2010,6,15,3
898,2010,6,16,3
899,2010,6,17,3
900,2010,6,18,3
901,2010,6,19,3
902,2010,6,20,3
903,2010,6,21,3
904,2010,6,22,3
905,2010,6,23,3
906,2010,6,24,3
907,2010,6,25,3
908,2010,6,26,3
909,2010,6,27,3
910,2010,6,28,3
911,2010,6,29,3
912,2010,6,30,3
913,2010,7,1,3
914,2010,7,2,3
915,2010,7,3,3
916,2010,7,4,3
917,2010,7,5,3
918,2010,7,6,3
919,2010,7,7,3
920,2010,7,8,3
921,2010,7,9,3
922,2010,7,10,3
923,2010,7,11,3
924,2010,7,12,3
925,2010,7,13,3
926,2010,7,14,3
927,2010,7,15,3
928,2010,7,16,3
929,2010,7,17,3
930,2010,7,18,3
931,2010,7,19,3
932,2010,7,20,3
933,2010,7,21,3
934,2010,7,22,3
935,2010,7,23,3
936,2010,7,24,3
937,2010,7,25,3
938,2010,7,26,3
939,2010,7,27,3
940,2010,7,28,3
941,2010,7,29,3
942,2010,7,30,3
943,2010,7,31,3
944,2010,8,1,3
945,2010,8,2,3
946,2010,8,3,3
947,2010,8,4,3
948,2010,8,5,3
949,2010,8,6,3
950,2010,8,7,3
951,2010,8,8,3
952,2010,8,9,3
953,2010,8,10,3
954,2010,8,11,3
955,2010,8,12,3
956,2010,8,13,3
957,2010,8,14,3
958,2010,8,15,3
959,2010,8,16,3
960,2010,8,17,3
961,2010,8,18,3
962,2010,8,19,3
963,2010,8,20,3
964,2010,8,21,3
965,2010,8,22,3
966,2010,8,23,3
967,2010,8,24,3
968,2010,8,25,3
969,2010,8,26,3
970,2010,8,27,3
971,2010,8,28,3
972,2010,8,29,3
973,2010,8,30,3
974,2010,8,31,3
975,2010,9,1,4
976,2010,9,2,4
977,2010,9,3,4
978,2010,9,4,4
979,2010,9,5,4
980,2010,9,6,4
981,2010,9,7,4
982,2010,9,8,4
983,2010,9,9,4
984,2010,9,10,4
985,2010,9,11,4
986,2010,9,12,4
987,2010,9,13,4
988,2010,9,14,4
989,2010,9,15,4
990,2010,9,16,4
991,2010,9,17,4
992,2010,9,18,4
993,2010,9,19,4
994,2010,9,20,4
995,2010,9,21,4
996,2010,9,22,4
997,2010,9,23,4
998,2010,9,24,4
999,2010,9,25,4
1000,2010,9,26,4
1001,2010,9,27,4
1002,2010,9,28,4
1003,2010,9,29,4
1004,2010,9,30,4
1005,2010,10,1,4
1006,2010,10,2,4
1007,2010,10,3,4
1008,2010,10,4,4
1009,2010,10,5,4
1010,2010,10,6,4
1011,2010,10,7,4
1012,2010,10,8,4
1013,2010,10,9,4
1014,2010,10,10,4
1015,2010,10,11,4
1016,2010,10,12,4
1017,2010,10,13,4
1018,2010,10,14,4
1019,2010,10,15,4
1020,2010,10,16,4
1021,2010,10,17,4
1022,2010,10,18,4
1023,2010,10,19,4
1024,2010,10,20,4
1025,2010,10,21,4
1026,2010,10,22,4
1027,2010,10,23,4
1028,2010,10,24,4
1029,2010,10,25,4
1030,2010,10,26,4
1031,2010,10,27,4
1032,2010,10,28,4
1033,2010,10,29,4
1034,2010,10,30,4
1035,2010,10,31,4
1036,2010,11,1,4
1037,2010,11,2,4
1038,2010,11,3,4
1039,2010,11,4,4
1040,2010,11,5,4
1041,2010,11,6,4
1042,2010,11,7,4
1043,2010,11,8,4
1044,2010,11,9,4
1045,2010,11,10,4
1046,2010,11,11,4
1047,2010,11,12,4
1048,2010,11,13,4
1049,2010,11,14,4
1050,2010,11,15,4
1051,2010,11,16,4
1052,2010,11,17,4
1053,2010,11,18,4
1054,2010,11,19,4
1055,2010,11,20,4
1056,2010,11,21,4
1057,2010,11,22,4
1058,2010,11,23,4
1059,2010,11,24,4
1060,2010,11,25,4
1061,2010,11,26,4
1062,2010,11,27,4
1063,2010,11,28,4
1064,2010,11,29,4
1065,2010,11,30,4
1066,2010,12,1,1
1067,2010,12,2,1
1068,2010,12,3,1
1069,2010,12,4,1
1070,2010,12,5,1
1071,2010,12,6,1
1072,2010,12,7,1
1073,2010,12,8,1
1074,2010,12,9,1
1075,2010,12,10,1
1076,2010,12,11,1
1077,2010,12,12,1
1078,2010,12,13,1
1079,2010,12,14,1
1080,2010,12,15,1
1081,2010,12,16,1
1082,2010,12,17,1
1083,2010,12,18,1
1084,2010,12,19,1
1085,2010,12,20,1
1086,2010,12,21,1
1087,2010,12,22,1
1088,2010,12,23,1
1089,2010,12,24,1
1090,2010,12,25,1
1091,2010,12,26,1
1092,2010,12,27,1
1093,2010,12,28,1
1094,2010,12,29,1
1095,2010,12,30,1
1096,2010,12,31,1
1097,2011,1,1,1
1098,2011,1,2,1
1099,2011,1,3,1
1100,2011,1,4,1
1101,2011,1,5,1
1102,2011,1,6,1
1103,2011,1,7,1
1104,2011,1,8,1
1105,2011,1,9,1
1106,2011,1,10,1
1107,2011,1,11,1
1108,2011,1,12,1
1109,2011,1,13,1
1110,2011,1,14,1
1111,2011,1,15,1
1112,2011,1,16,1
1113,2011,1,17,1
1114,2011,1,18,1
1115,2011,1,19,1
1116,2011,1,20,1
1117,2011,1,21,1
1118,2011,1,22,1
1119,2011,1,23,1
1120,2011,1,24,1
1121,2011,1,25,1
1122,2011,1,26,1
1123,2011,1,27,1
1124,2011,1,28,1
1125,2011,1,29,1
1126,2011,1,30,1
1127,2011,1,31,1
1128,2011,2,1,1
1129,2011,2,2,1
1130,2011,2,3,1
1131,2011,2,4,1
1132,2011,2,5,1
1133,2011,2,6,1
1134,2011,2,7,1
1135,2011,2,8,1
1136,2011,2,9,1
1137,2011,2,10,1
1138,2011,2,11,1
1139,2011,2,12,1
1140,2011,2,13,1
1141,2011,2,14,1
1142,2011,2,15,1
1143,2011,2,16,1
1144,2011,2,17,1
1145,2011,2,18,1
1146,2011,2,19,1
1147,2011,2,20,1
1148,2011,2,21,1
1149,2011,2,22,1
1150,2011,2,23,1
1151,2011,2,24,1
1152,2011,2,25,1
1153,2011,2,26,1
1154,2011,2,27,1
1155,2011,2,28,1
1156,2011,3,1,2
1157,2011,3,2,2
1158,2011,3,3,2
1159,2011,3,4,2
1160,2011,3,5,2
1161,2011,3,6,2
1162,2011,3,7,2
1163,2011,3,8,2
1164,2011,3,9,2
1165,2011,3,10,2
1166,2011,3,11,2
1167,2011,3,12,2
1168,2011,3,13,2
1169,2011,3,14,2
1170,2011,3,15,2
1171,2011,3,16,2
1172,2011,3,17,2
1173,2011,3,18,2
1174,2011,3,19,2
1175,2011,3,20,2
1176,2011,3,21,2
1177,2011,3,22,2
1178,2011,3,23,2
1179,2011,3,24,2
1180,2011,3,25,2
1181,2011,3,26,2
1182,2011,3,27,2
1183,2011,3,28,2
1184,2011,3,29,2
1185,2011,3,30,2
1186,2011,3,31,2
1187,2011,4,1,2
1188,2011,4,2,2
1189,2011,4,3,2
1190,2011,4,4,2
1191,2011,4,5,2
1192,2011,4,6,2
1193,2011,4,7,2
1194,2011,4,8,2
1195,2011,4,9,2
1196,2011,4,10,2
1197,2011,4,11,2
1198,2011,4,12,2
1199,2011,4,13,2
1200,2011,4,14,2
1201,2011,4,15,2
1202,2011,4,16,2
1203,2011,4,17,2
1204,2011,4,18,2
1205,2011,4,19,2
1206,2011,4,20,2
1207,2011,4,21,2
1208,2011,4,22,2
1209,2011,4,23,2
1210,2011,4,24,2
1211,2011,4,25,2
1212,2011,4,26,2
1213,2011,4,27,2
1214,2011,4,28,2
1215,2011,4,29,2
1216,2011,4,30,2
1217,2011,5,1,2
1218,2011,5,2,2
1219,2011,5,3,2
1220,2011,5,4,2
1221,2011,5,5,2
1222,2011,5,6,2
1223,2011,5,7,2
1224,2011,5,8,2
1225,2011,5,9,2
1226,2011,5,10,2
1227,2011,5,11,2
1228,2011,5,12,2
1229,2011,5,13,2
1230,2011,5,14,2
1231,2011,5,15,2
1232,2011,5,16,2
1233,2011,5,17,2
1234,2011,5,18,2
1235,2011,5,19,2
1236,2011,5,20,2
1237,2011,5,21,2
1238,2011,5,22,2
1239,2011,5,23,2
1240,2011,5,24,2
1241,2011,5,25,2
1242,2011,5,26,2
1243,2011,5,27,2
1244,2011,5,28,2
1245,2011,5,29,2
1246,2011,5,30,2
1247,2011,5,31,2
1248,2011,6,1,3
1249,2011,6,2,3
1250,2011,6,3,3
1251,2011,6,4,3
1252,2011,6,5,3
1253,2011,6,6,3
1254,2011,6,7,3
1255,2011,6,8,3
1256,2011,6,9,3
1257,2011,6,10,3
1258,2011,6,11,3
1259,2011,6,12,3
1260,2011,6,13,3
1261,2011,6,14,3
1262,2011,6,15,3
1263,2011,6,16,3
1264,2011,6,17,3
1265,2011,6,18,3
1266,2011,6,19,3
1267,2011,6,20,3
1268,2011,6,21,3
1269,2011,6,22,3
1270,2011,6,23,3
1271,2011,6,24,3
1272,2011,6,25,3
1273,2011,6,26,3
1274,2011,6,27,3
1275,2011,6,28,3
1276,2011,6,29,3
1277,2011,6,30,3
1278,2011,7,1,3
1279,2011,7,2,3
1280,2011,7,3,3
1281,2011,7,4,3
1282,2011,7,5,3
1283,2011,7,6,3
1284,2011,7,7,3
1285,2011,7,8,3
1286,2011,7,9,3
1287,2011,7,10,3
1288,2011,7,11,3
1289,2011,7,12,3
1290,2011,7,13,3
1291,2011,7,14,3
1292,2011,7,15,3
1293,2011,7,16,3
1294,2011,7,17,3
1295,2011,7,18,3
1296,2011,7,19,3
1297,2011,7,20,3
1298,2011,7,21,3
1299,2011,7,22,3
1300,2011,7,23,3
1301,2011,7,24,3
1302,2011,7,25,3
1303,2011,7,26,3
1304,2011,7,27,3
1305,2011,7,28,3
1306,2011,7,29,3
1307,2011,7,30,3
1308,2011,7,31,3
1309,2011,8,1,3
1310,2011,8,2,3
1311,2011,8,3,3
1312,2011,8,4,3
1313,2011,8,5,3
1314,2011,8,6,3
1315,2011,8,7,3
1316,2011,8,8,3
1317,2011,8,9,3
1318,2011,8,10,3
1319,2011,8,11,3
1320,2011,8,12,3
1321,2011,8,13,3
1322,2011,8,14,3
1323,2011,8,15,3
1324,2011,8,16,3
1325,2011,8,17,3
1326,2011,8,18,3
1327,2011,8,19,3
1328,2011,8,20,3
1329,2011,8,21,3
1330,2011,8,22,3
1331,2011,8,23,3
1332,2011,8,24,3
1333,2011,8,25,3
1334,2011,8,26,3
1335,2011,8,27,3
1336,2011,8,28,3
1337,2011,8,29,3
1338,2011,8,30,3
1339,2011,8,31,3
1340,2011,9,1,4
1341,2011,9,2,4
1342,2011,9,3,4
1343,2011,9,4,4
1344,2011,9,5,4
1345,2011,9,6,4
1346,2011,9,7,4
1347,2011,9,8,4
1348,2011,9,9,4
1349,2011,9,10,4
1350,2011,9,11,4
1351,2011,9,12,4
1352,2011,9,13,4
1353,2011,9,14,4
1354,2011,9,15,4
1355,2011,9,16,4
1356,2011,9,17,4
1357,2011,9,18,4
1358,2011,9,19,4
1359,2011,9,20,4
1360,2011,9,21,4
1361,2011,9,22,4
1362,2011,9,23,4
1363,2011,9,24,4
1364,2011,9,25,4
1365,2011,9,26,4
1366,2011,9,27,4
1367,2011,9,28,4
1368,2011,9,29,4
1369,2011,9,30,4
1370,2011,10,1,4
1371,2011,10,2,4
1372,2011,10,3,4
1373,2011,10,4,4
1374,2011,10,5,4
1375,2011,10,6,4
1376,2011,10,7,4
1377,2011,10,8,4
1378,2011,10,9,4
1379,2011,10,10,4
1380,2011,10,11,4
1381,2011,10,12,4
1382,2011,10,13,4
1383,2011,10,14,4
1384,2011,10,15,4
1385,2011,10,16,4
1386,2011,10,17,4
1387,2011,10,18,4
1388,2011,10,19,4
1389,2011,10,20,4
1390,2011,10,21,4
1391,2011,10,22,4
1392,2011,10,23,4
1393,2011,10,24,4
1394,2011,10,25,4
1395,2011,10,26,4
1396,2011,10,27,4
1397,2011,10,28,4
1398,2011,10,29,4
1399,2011,10,30,4
1400,2011,10,31,4
1401,2011,11,1,4
1402,2011,11,2,4
1403,2011,11,3,4
1404,2011,11,4,4
1405,2011,11,5,4
1406,2011,11,6,4
1407,2011,11,7,4
1408,2011,11,8,4
1409,2011,11,9,4
1410,2011,11,10,4
1411,2011,11,11,4
1412,2011,11,12,4
1413,2011,11,13,4
1414,2011,11,14,4
1415,2011,11,15,4
1416,2011,11,16,4
1417,2011,11,17,4
1418,2011,11,18,4
1419,2011,11,19,4
1420,2011,11,20,4
1421,2011,11,21,4
1422,2011,11,22,4
1423,2011,11,23,4
1424,2011,11,24,4
1425,2011,11,25,4
1426,2011,11,26,4
1427,2011,11,27,4
1428,2011,11,28,4
1429,2011,11,29,4
1430,2011,11,30,4
1431,2011,12,1,1
1432,2011,12,2,1
1433,2011,12,3,1
1434,2011,12,4,1
1435,2011,12,5,1
1436,2011,12,6,1
1437,2011,12,7,1
1438,2011,12,8,1
1439,2011,12,9,1
1440,2011,12,10,1
1441,2011,12,11,1
1442,2011,12,12,1
1443,2011,12,13,1
1444,2011,12,14,1
1445,2011,12,15,1
1446,2011,12,16,1
1447,2011,12,17,1
1448,2011,12,18,1
1449,2011,12,19,1
1450,2011,12,20,1
1451,2011,12,21,1
1452,2011,12,22,1
1453,2011,12,23,1
1454,2011,12,24,1
1455,2011,12,25,1
1456,2011,12,26,1
1457,2011,12,27,1
1458,2011,12,28,1
1459,2011,12,29,1
1460,2011,12,30,1
1461,2011,12,31,1
1462,2012,1,1,1
1463,2012,1,2,1
1464,2012,1,3,1
1465,2012,1,4,1
1466,2012,1,5,1
1467,2012,1,6,1
1468,2012,1,7,1
1469,2012,1,8,1
1470,2012,1,9,1
1471,2012,1,10,1
1472,2012,1,11,1
1473,2012,1,12,1
1474,2012,1,13,1
1475,2012,1,14,1
1476,2012,1,15,1
1477,2012,1,16,1
1478,2012,1,17,1
1479,2012,1,18,1
1480,2012,1,19,1
1481,2012,1,20,1
1482,2012,1,21,1
1483,2012,1,22,1
1484,2012,1,23,1
1485,2012,1,24,1
1486,2012,1,25,1
1487,2012,1,26,1
1488,2012,1,27,1
1489,2012,1,28,1
1490,2012,1,29,1
1491,2012,1,30,1
1492,2012,1,31,1
1493,2012,2,1,1
1494,2012,2,2,1
1495,2012,2,3,1
1496,2012,2,4,1
1497,2012,2,5,1
1498,2012,2,6,1
1499,2012,2,7,1
1500,2012,2,8,1
1501,2012,2,9,1
1502,2012,2,10,1
1503,2012,2,11,1
1504,2012,2,12,1
1505,2012,2,13,1
1506,2012,2,14,1
1507,2012,2,15,1
1508,2012,2,16,1
1509,2012,2,17,1
1510,2012,2,18,1
1511,2012,2,19,1
1512,2012,2,20,1
1513,2012,2,21,1
1514,2012,2,22,1
1515,2012,2,23,1
1516,2012,2,24,1
1517,2012,2,25,1
1518,2012,2,26,1
1519,2012,2,27,1
1520,2012,2,28,1
1521,2012,2,29,1
1522,2012,3,1,2
1523,2012,3,2,2
1524,2012,3,3,2
1525,2012,3,4,2
1526,2012,3,5,2
1527,2012,3,6,2
1528,2012,3,7,2
1529,2012,3,8,2
1530,2012,3,9,2
1531,2012,3,10,2
1532,2012,3,11,2
1533,2012,3,12,2
1534,2012,3,13,2
1535,2012,3,14,2
1536,2012,3,15,2
1537,2012,3,16,2
1538,2012,3,17,2
1539,2012,3,18,2
1540,2012,3,19,2
1541,2012,3,20,2
1542,2012,3,21,2
1543,2012,3,22,2
1544,2012,3,23,2
1545,2012,3,24,2
1546,2012,3,25,2
1547,2012,3,26,2
1548,2012,3,27,2
1549,2012,3,28,2
1550,2012,3,29,2
1551,2012,3,30,2
1552,2012,3,31,2
1553,2012,4,1,2
1554,2012,4,2,2
1555,2012,4,3,2
1556,2012,4,4,2
1557,2012,4,5,2
1558,2012,4,6,2
1559,2012,4,7,2
1560,2012,4,8,2
1561,2012,4,9,2
1562,2012,4,10,2
1563,2012,4,11,2
1564,2012,4,12,2
1565,2012,4,13,2
1566,2012,4,14,2
1567,2012,4,15,2
1568,2012,4,16,2
1569,2012,4,17,2
1570,2012,4,18,2
1571,2012,4,19,2
1572,2012,4,20,2
1573,2012,4,21,2
1574,2012,4,22,2
1575,2012,4,23,2
1576,2012,4,24,2
1577,2012,4,25,2
1578,2012,4,26,2
1579,2012,4,27,2
1580,2012,4,28,2
1581,2012,4,29,2
1582,2012,4,30,2
1583,2012,5,1,2
1584,2012,5,2,2
1585,2012,5,3,2
1586,2012,5,4,2
1587,2012,5,5,2
1588,2012,5,6,2
1589,2012,5,7,2
1590,2012,5,8,2
1591,2012,5,9,2
1592,2012,5,10,2
1593,2012,5,11,2
1594,2012,5,12,2
1595,2012,5,13,2
1596,2012,5,14,2
1597,2012,5,15,2
1598,2012,5,16,2
1599,2012,5,17,2
1600,2012,5,18,2
1601,2012,5,19,2
1602,2012,5,20,2
1603,2012,5,21,2
1604,2012,5,22,2
1605,2012,5,23,2
1606,2012,5,24,2
1607,2012,5,25,2
1608,2012,5,26,2
1609,2012,5,27,2
1610,2012,5,28,2
1611,2012,5,29,2
1612,2012,5,30,2
1613,2012,5,31,2
1614,2012,6,1,3
1615,2012,6,2,3
1616,2012,6,3,3
1617,2012,6,4,3
1618,2012,6,5,3
1619,2012,6,6,3
1620,2012,6,7,3
1621,2012,6,8,3
1622,2012,6,9,3
1623,2012,6,10,3
1624,2012,6,11,3
1625,2012,6,12,3
1626,2012,6,13,3
1627,2012,6,14,3
1628,2012,6,15,3
1629,2012,6,16,3
1630,2012,6,17,3
1631,2012,6,18,3
1632,2012,6,19,3
1633,2012,6,20,3
1634,2012,6,21,3
1635,2012,6,22,3
1636,2012,6,23,3
1637,2012,6,24,3
1638,2012,6,25,3
1639,2012,6,26,3
1640,2012,6,27,3
1641,2012,6,28,3
1642,2012,6,29,3
1643,2012,6,30,3
1644,2012,7,1,3
1645,2012,7,2,3
1646,2012,7,3,3
1647,2012,7,4,3
1648,2012,7,5,3
1649,2012,7,6,3
1650,2012,7,7,3
1651,2012,7,8,3
1652,2012,7,9,3
1653,2012,7,10,3
1654,2012,7,11,3
1655,2012,7,12,3
1656,2012,7,13,3
1657,2012,7,14,3
1658,2012,7,15,3
1659,2012,7,16,3
1660,2012,7,17,3
1661,2012,7,18,3
1662,2012,7,19,3
1663,2012,7,20,3
1664,2012,7,21,3
1665,2012,7,22,3
1666,2012,7,23,3
1667,2012,7,24,3
1668,2012,7,25,3
1669,2012,7,26,3
1670,2012,7,27,3
1671,2012,7,28,3
1672,2012,7,29,3
1673,2012,7,30,3
1674,2012,7,31,3
1675,2012,8,1,3
1676,2012,8,2,3
1677,2012,8,3,3
1678,2012,8,4,3
1679,2012,8,5,3
1680,2012,8,6,3
1681,2012,8,7,3
1682,2012,8,8,3
1683,2012,8,9,3
1684,2012,8,10,3
1685,2012,8,11,3
1686,2012,8,12,3
1687,2012,8,13,3
1688,2012,8,14,3
1689,2012,8,15,3
1690,2012,8,16,3
1691,2012,8,17,3
1692,2012,8,18,3
1693,2012,8,19,3
1694,2012,8,20,3
1695,2012,8,21,3
1696,2012,8,22,3
1697,2012,8,23,3
1698,2012,8,24,3
1699,2012,8,25,3
1700,2012,8,26,3
1701,2012,8,27,3
1702,2012,8,28,3
1703,2012,8,29,3
1704,2012,8,30,3
1705,2012,8,31,3
1706,2012,9,1,4
1707,2012,9,2,4
1708,2012,9,3,4
1709,2012,9,4,4
1710,2012,9,5,4
1711,2012,9,6,4
1712,2012,9,7,4
1713,2012,9,8,4
1714,2012,9,9,4
1715,2012,9,10,4
1716,2012,9,11,4
1717,2012,9,12,4
1718,2012,9,13,4
1719,2012,9,14,4
1720,2012,9,15,4
1721,2012,9,16,4
1722,2012,9,17,4
1723,2012,9,18,4
1724,2012,9,19,4
1725,2012,9,20,4
1726,2012,9,21,4
1727,2012,9,22,4
1728,2012,9,23,4
1729,2012,9,24,4
1730,2012,9,25,4
1731,2012,9,26,4
1732,2012,9,27,4
1733,2012,9,28,4
1734,2012,9,29,4
1735,2012,9,30,4
1736,2012,10,1,4
1737,2012,10,2,4
1738,2012,10,3,4
1739,2012,10,4,4
1740,2012,10,5,4
1741,2012,10,6,4
1742,2012,10,7,4
1743,2012,10,8,4
1744,2012,10,9,4
1745,2012,10,10,4
1746,2012,10,11,4
1747,2012,10,12,4
1748,2012,10,13,4
1749,2012,10,14,4
1750,2012,10,15,4
1751,2012,10,16,4
1752,2012,10,17,4
1753,2012,10,18,4
1754,2012,10,19,4
1755,2012,10,20,4
1756,2012,10,21,4
1757,2012,10,22,4
1758,2012,10,23,4
1759,2012,10,24,4
1760,2012,10,25,4
1761,2012,10,26,4
1762,2012,10,27,4
1763,2012,10,28,4
1764,2012,10,29,4
1765,2012,10,30,4
1766,2012,10,31,4
1767,2012,11,1,4
1768,2012,11,2,4
1769,2012,11,3,4
1770,2012,11,4,4
1771,2012,11,5,4
1772,2012,11,6,4
1773,2012,11,7,4
1774,2012,11,8,4
1775,2012,11,9,4
1776,2012,11,10,4
1777,2012,11,11,4
1778,2012,11,12,4
1779,2012,11,13,4
1780,2012,11,14,4
1781,2012,11,15,4
1782,2012,11,16,4
1783,2012,11,17,4
1784,2012,11,18,4
1785,2012,11,19,4
1786,2012,11,20,4
1787,2012,11,21,4
1788,2012,11,22,4
1789,2012,11,23,4
1790,2012,11,24,4
1791,2012,11,25,4
1792,2012,11,26,4
1793,2012,11,27,4
1794,2012,11,28,4
1795,2012,11,29,4
1796,2012,11,30,4
1797,2012,12,1,1
1798,2012,12,2,1
1799,2012,12,3,1
1800,2012,12,4,1
1801,2012,12,5,1
1802,2012,12,6,1
1803,2012,12,7,1
1804,2012,12,8,1
1805,2012,12,9,1
1806,2012,12,10,1
1807,2012,12,11,1
1808,2012,12,12,1
1809,2012,12,13,1
1810,2012,12,14,1
1811,2012,12,15,1
1812,2012,12,16,1
1813,2012,12,17,1
1814,2012,12,18,1
1815,2012,12,19,1
1816,2012,12,20,1
1817,2012,12,21,1
1818,2012,12,22,1
1819,2012,12,23,1
1820,2012,12,24,1
1821,2012,12,25,1
1822,2012,12,26,1
1823,2012,12,27,1
1824,2012,12,28,1
1825,2012,12,29,1
1826,2012,12,30,1
1827,2012,12,31,1
1828,2013,1,1,1
1829,2013,1,2,1
1830,2013,1,3,1
1831,2013,1,4,1
1832,2013,1,5,1
1833,2013,1,6,1
1834,2013,1,7,1
1835,2013,1,8,1
1836,2013,1,9,1
1837,2013,1,10,1
1838,2013,1,11,1
1839,2013,1,12,1
1840,2013,1,13,1
1841,2013,1,14,1
1842,2013,1,15,1
1843,2013,1,16,1
1844,2013,1,17,1
1845,2013,1,18,1
1846,2013,1,19,1
1847,2013,1,20,1
1848,2013,1,21,1
1849,2013,1,22,1
1850,2013,1,23,1
1851,2013,1,24,1
1852,2013,1,25,1
1853,2013,1,26,1
1854,2013,1,27,1
1855,2013,1,28,1
1856,2013,1,29,1
1857,2013,1,30,1
1858,2013,1,31,1
1859,2013,2,1,2
1860,2013,2,2,2
1861,2013,2,3,2
1862,2013,2,4,2
1863,2013,2,5,2
1864,2013,2,6,2
1865,2013,2,7,2
1866,2013,2,8,2
1867,2013,2,9,2
1868,2013,2,10,2
1869,2013,2,11,2
1870,2013,2,12,2
1871,2013,2,13,2
1872,2013,2,14,2
1873,2013,2,15,2
1874,2013,2,16,2
1875,2013,2,17,2
1876,2013,2,18,2
1877,2013,2,19,2
1878,2013,2,20,2
1879,2013,2,21,2
1880,2013,2,22,2
1881,2013,2,23,2
1882,2013,2,24,2
1883,2013,2,25,2
1884,2013,2,26,2
1885,2013,2,27,2
1886,2013,2,28,2
1887,2013,3,1,2
1888,2013,3,2,2
1889,2013,3,3,2
1890,2013,3,4,2
1891,2013,3,5,2
1892,2013,3,6,2
1893,2013,3,7,2
1894,2013,3,8,2
1895,2013,3,9,2
1896,2013,3,10,2
1897,2013,3,11,2
1898,2013,3,12,2
1899,2013,3,13,2
1900,2013,3,14,2
1901,2013,3,15,2
1902,2013,3,16,2
1903,2013,3,17,2
1904,2013,3,18,2
1905,2013,3,19,2
1906,2013,3,20,2
1907,2013,3,21,2
1908,2013,3,22,2
1909,2013,3,23,2
1910,2013,3,24,2
1911,2013,3,25,2
1912,2013,3,26,2
1913,2013,3,27,2
1914,2013,3,28,2
1915,2013,3,29,2
1916,2013,3,30,2
1917,2013,3,31,2
1918,2013,4,1,2
1919,2013,4,2,2
1920,2013,4,3,2
1921,2013,4,4,2
1922,2013,4,5,2
1923,2013,4,6,2
1924,2013,4,7,2
1925,2013,4,8,2
1926,2013,4,9,2
1927,2013,4,10,2
1928,2013,4,11,2
1929,2013,4,12,2
1930,2013,4,13,2
1931,2013,4,14,2
1932,2013,4,15,2
1933,2013,4,16,2
1934,2013,4,17,2
1935,2013,4,18,2
1936,2013,4,19,2
1937,2013,4,20,2
1938,2013,4,21,2
1939,2013,4,22,2
1940,2013,4,23,2
1941,2013,4,24,2
1942,2013,4,25,2
1943,2013,4,26,2
1944,2013,4,27,2
1945,2013,4,28,2
1946,2013,4,29,2
1947,2013,4,30,2
1948,2013,5,1,2
1949,2013,5,2,2
1950,2013,5,3,2
1951,2013,5,4,2
1952,2013,5,5,2
1953,2013,5,6,2
1954,2013,5,7,2
1955,2013,5,8,2
1956,2013,5,9,2
1957,2013,5,10,2
1958,2013,5,11,2
1959,2013,5,12,2
1960,2013,5,13,2
1961,2013,5,14,2
1962,2013,5,15,2
1963,2013,5,16,2
1964,2013,5,17,2
1965,2013,5,18,2
1966,2013,5,19,2
1967,2013,5,20,2
1968,2013,5,21,2
1969,2013,5,22,2
1970,2013,5,23,2
1971,2013,5,24,2
1972,2013,5,25,2
1973,2013,5,26,2
1974,2013,5,27,2
1975,2013,5,28,2
1976,2013,5,29,2
1977,2013,5,30,2
1978,2013,5,31,2
1979,2013,6,1,3
1980,2013,6,2,3
1981,2013,6,3,3
1982,2013,6,4,3
1983,2013,6,5,3
1984,2013,6,6,3
1985,2013,6,7,3
1986,2013,6,8,3
1987,2013,6,9,3
1988,2013,6,10,3
1989,2013,6,11,3
1990,2013,6,12,3
1991,2013,6,13,3
1992,2013,6,14,3
1993,2013,6,15,3
1994,2013,6,16,3
1995,2013,6,17,3
1996,2013,6,18,3
1997,2013,6,19,3
1998,2013,6,20,3
1999,2013,6,21,3
2000,2013,6,22,3
2001,2013,6,23,3
2002,2013,6,24,3
2003,2013,6,25,3
2004,2013,6,26,3
2005,2013,6,27,3
2006,2013,6,28,3
2007,2013,6,29,3
2008,2013,6,30,3
2009,2013,7,1,3
2010,2013,7,2,3
2011,2013,7,3,3
2012,2013,7,4,3
2013,2013,7,5,3
2014,2013,7,6,3
2015,2013,7,7,3
2016,2013,7,8,3
2017,2013,7,9,3
2018,2013,7,10,3
2019,2013,7,11,3
2020,2013,7,12,3
2021,2013,7,13,3
2022,2013,7,14,3
2023,2013,7,15,3
2024,2013,7,16,3
2025,2013,7,17,3
2026,2013,7,18,3
2027,2013,7,19,3
2028,2013,7,20,3
2029,2013,7,21,3
2030,2013,7,22,3
2031,2013,7,23,3
2032,2013,7,24,3
2033,2013,7,25,3
2034,2013,7,26,3
2035,2013,7,27,3
2036,2013,7,28,3
2037,2013,7,29,3
2038,2013,7,30,3
2039,2013,7,31,3
2040,2013,8,1,3
2041,2013,8,2,3
2042,2013,8,3,3
2043,2013,8,4,3
2044,2013,8,5,3
2045,2013,8,6,3
2046,2013,8,7,3
2047,2013,8,8,3
2048,2013,8,9,3
2049,2013,8,10,3
2050,2013,8,11,3
2051,2013,8,12,3
2052,2013,8,13,3
2053,2013,8,14,3
2054,2013,8,15,3
2055,2013,8,16,3
2056,2013,8,17,3
2057,2013,8,18,3
2058,2013,8,19,3
2059,2013,8,20,3
2060,2013,8,21,3
2061,2013,8,22,3
2062,2013,8,23,3
2063,2013,8,24,3
2064,2013,8,25,3
2065,2013,8,26,3
2066,2013,8,27,3
2067,2013,8,28,3
2068,2013,8,29,3
2069,2013,8,30,3
2070,2013,8,31,3
2071,2013,9,1,4
2072,2013,9,2,4
2073,2013,9,3,4
2074,2013,9,4,4
2075,2013,9,5,4
2076,2013,9,6,4
2077,2013,9,7,4
2078,2013,9,8,4
2079,2013,9,9,4
2080,2013,9,10,4
2081,2013,9,11,4
2082,2013,9,12,4
2083,2013,9,13,4
2084,2013,9,14,4
2085,2013,9,15,4
2086,2013,9,16,4
2087,2013,9,17,4
2088,2013,9,18,4
2089,2013,9,19,4
2090,2013,9,20,4
2091,2013,9,21,4
2092,2013,9,22,4
2093,2013,9,23,4
2094,2013,9,24,4
2095,2013,9,25,4
2096,2013,9,26,4
2097,2013,9,27,4
2098,2013,9,28,4
2099,2013,9,29,4
2100,2013,9,30,4
2101,2013,10,1,4
2102,2013,10,2,4
2103,2013,10,3,4
2104,2013,10,4,4
2105,2013,10,5,4
2106,2013,10,6,4
2107,2013,10,7,4
2108,2013,10,8,4
2109,2013,10,9,4
2110,2013,10,10,4
2111,2013,10,11,4
2112,2013,10,12,4
2113,2013,10,13,4
2114,2013,10,14,4
2115,2013,10,15,4
2116,2013,10,16,4
2117,2013,10,17,4
2118,2013,10,18,4
2119,2013,10,19,4
2120,2013,10,20,4
2121,2013,10,21,4
2122,2013,10,22,4
2123,2013,10,23,4
2124,2013,10,24,4
2125,2013,10,25,4
2126,2013,10,26,4
2127,2013,10,27,4
2128,2013,10,28,4
2129,2013,10,29,4
2130,2013,10,30,4
2131,2013,10,31,4
2132,2013,11,1,4
2133,2013,11,2,4
2134,2013,11,3,4
2135,2013,11,4,4
2136,2013,11,5,4
2137,2013,11,6,4
2138,2013,11,7,4
2139,2013,11,8,4
2140,2013,11,9,4
2141,2013,11,10,4
2142,2013,11,11,4
2143,2013,11,12,4
2144,2013,11,13,4
2145,2013,11,14,4
2146,2013,11,15,4
2147,2013,11,16,4
2148,2013,11,17,4
2149,2013,11,18,4
2150,2013,11,19,4
2151,2013,11,20,4
2152,2013,11,21,4
2153,2013,11,22,4
2154,2013,11,23,4
2155,2013,11,24,4
2156,2013,11,25,4
2157,2013,11,26,4
2158,2013,11,27,4
2159,2013,11,28,4
2160,2013,11,29,4
2161,2013,11,30,4
2162,2013,12,1,1
2163,2013,12,2,1
2164,2013,12,3,1
2165,2013,12,4,1
2166,2013,12,5,1
2167,2013,12,6,1
2168,2013,12,7,1
2169,2013,12,8,1
2170,2013,12,9,1
2171,2013,12,10,1
2172,2013,12,11,1
2173,2013,12,12,1
2174,2013,12,13,1
2175,2013,12,14,1
2176,2013,12,15,1
2177,2013,12,16,1
2178,2013,12,17,1
2179,2013,12,18,1
2180,2013,12,19,1
2181,2013,12,20,1
2182,2013,12,21,1
2183,2013,12,22,1
2184,2013,12,23,1
2185,2013,12,24,1
2186,2013,12,25,1
2187,2013,12,26,1
2188,2013,12,27,1
2189,2013,12,28,1
2190,2013,12,29,1
2191,2013,12,30,1
2192,2013,12,31,1
2193,2014,1,1,1
2194,2014,1,2,1
2195,2014,1,3,1
2196,2014,1,4,1
2197,2014,1,5,1
2198,2014,1,6,1
2199,2014,1,7,1
2200,2014,1,8,1
2201,2014,1,9,1
2202,2014,1,10,1
2203,2014,1,11,1
2204,2014,1,12,1
2205,2014,1,13,1
2206,2014,1,14,1
2207,2014,1,15,1
2208,2014,1,16,1
2209,2014,1,17,1
2210,2014,1,18,1
2211,2014,1,19,1
2212,2014,1,20,1
2213,2014,1,21,1
2214,2014,1,22,1
2215,2014,1,23,1
2216,2014,1,24,1
2217,2014,1,25,1
2218,2014,1,26,1
2219,2014,1,27,1
2220,2014,1,28,1
2221,2014,1,29,1
2222,2014,1,30,1
2223,2014,1,31,1
2224,2014,2,1,1
2225,2014,2,2,1
2226,2014,2,3,1
2227,2014,2,4,1
2228,2014,2,5,1
2229,2014,2,6,1
2230,2014,2,7,1
2231,2014,2,8,1
2232,2014,2,9,1
2233,2014,2,10,1
2234,2014,2,11,1
2235,2014,2,12,1
2236,2014,2,13,1
2237,2014,2,14,1
2238,2014,2,15,1
2239,2014,2,16,1
2240,2014,2,17,1
2241,2014,2,18,1
2242,2014,2,19,1
2243,2014,2,20,1
2244,2014,2,21,1
2245,2014,2,22,1
2246,2014,2,23,1
2247,2014,2,24,1
2248,2014,2,25,1
2249,2014,2,26,1
2250,2014,2,27,1
2251,2014,2,28,1
2252,2014,3,1,2
2253,2014,3,2,2
2254,2014,3,3,2
2255,2014,3,4,2
2256,2014,3,5,2
2257,2014,3,6,2
2258,2014,3,7,2
2259,2014,3,8,2
2260,2014,3,9,2
2261,2014,3,10,2
2262,2014,3,11,2
2263,2014,3,12,2
2264,2014,3,13,2
2265,2014,3,14,2
2266,2014,3,15,2
2267,2014,3,16,2
2268,2014,3,17,2
2269,2014,3,18,2
2270,2014,3,19,2
2271,2014,3,20,2
2272,2014,3,21,2
2273,2014,3,22,2
2274,2014,3,23,2
2275,2014,3,24,2
2276,2014,3,25,2
2277,2014,3,26,2
2278,2014,3,27,2
2279,2014,3,28,2
2280,2014,3,29,2
2281,2014,3,30,2
2282,2014,3,31,2
2283,2014,4,1,2
2284,2014,4,2,2
2285,2014,4,3,2
2286,2014,4,4,2
2287,2014,4,5,2
2288,2014,4,6,2
2289,2014,4,7,2
2290,2014,4,8,2
2291,2014,4,9,2
2292,2014,4,10,2
2293,2014,4,11,2
2294,2014,4,12,2
2295,2014,4,13,2
2296,2014,4,14,2
2297,2014,4,15,2
2298,2014,4,16,2
2299,2014,4,17,2
2300,2014,4,18,2
2301,2014,4,19,2
2302,2014,4,20,2
2303,2014,4,21,2
2304,2014,4,22,2
2305,2014,4,23,2
2306,2014,4,24,2
2307,2014,4,25,2
2308,2014,4,26,2
2309,2014,4,27,2
2310,2014,4,28,2
2311,2014,4,29,2
2312,2014,4,30,2
2313,2014,5,1,2
2314,2014,5,2,2
2315,2014,5,3,2
2316,2014,5,4,2
2317,2014,5,5,2
2318,2014,5,6,2
2319,2014,5,7,2
2320,2014,5,8,2
2321,2014,5,9,2
2322,2014,5,10,2
2323,2014,5,11,2
2324,2014,5,12,2
2325,2014,5,13,2
2326,2014,5,14,2
2327,2014,5,15,2
2328,2014,5,16,2
2329,2014,5,17,2
2330,2014,5,18,2
2331,2014,5,19,2
2332,2014,5,20,2
2333,2014,5,21,2
2334,2014,5,22,2
2335,2014,5,23,2
2336,2014,5,24,2
2337,2014,5,25,2
2338,2014,5,26,2
2339,2014,5,27,2
2340,2014,5,28,2
2341,2014,5,29,2
2342,2014,5,30,2
2343,2014,5,31,2
2344,2014,6,1,3
2345,2014,6,2,3
2346,2014,6,3,3
2347,2014,6,4,3
2348,2014,6,5,3
2349,2014,6,6,3
2350,2014,6,7,3
2351,2014,6,8,3
2352,2014,6,9,3
2353,2014,6,10,3
2354,2014,6,11,3
2355,2014,6,12,3
2356,2014,6,13,3
2357,2014,6,14,3
2358,2014,6,15,3
2359,2014,6,16,3
2360,2014,6,17,3
2361,2014,6,18,3
2362,2014,6,19,3
2363,2014,6,20,3
2364,2014,6,21,3
2365,2014,6,22,3
2366,2014,6,23,3
2367,2014,6,24,3
2368,2014,6,25,3
2369,2014,6,26,3
2370,2014,6,27,3
2371,2014,6,28,3
2372,2014,6,29,3
2373,2014,6,30,3
2374,2014,7,1,3
2375,2014,7,2,3
2376,2014,7,3,3
2377,2014,7,4,3
2378,2014,7,5,3
2379,2014,7,6,3
2380,2014,7,7,3
2381,2014,7,8,3
2382,2014,7,9,3
2383,2014,7,10,3
2384,2014,7,11,3
2385,2014,7,12,3
2386,2014,7,13,3
2387,2014,7,14,3
2388,2014,7,15,3
2389,2014,7,16,3
2390,2014,7,17,3
2391,2014,7,18,3
2392,2014,7,19,3
2393,2014,7,20,3
2394,2014,7,21,3
2395,2014,7,22,3
2396,2014,7,23,3
2397,2014,7,24,3
2398,2014,7,25,3
2399,2014,7,26,3
2400,2014,7,27,3
2401,2014,7,28,3
2402,2014,7,29,3
2403,2014,7,30,3
2404,2014,7,31,3
2405,2014,8,1,3
2406,2014,8,2,3
2407,2014,8,3,3
2408,2014,8,4,3
2409,2014,8,5,3
2410,2014,8,6,3
2411,2014,8,7,3
2412,2014,8,8,3
2413,2014,8,9,3
2414,2014,8,10,3
2415,2014,8,11,3
2416,2014,8,12,3
2417,2014,8,13,3
2418,2014,8,14,3
2419,2014,8,15,3
2420,2014,8,16,3
2421,2014,8,17,3
2422,2014,8,18,3
2423,2014,8,19,3
2424,2014,8,20,3
2425,2014,8,21,3
2426,2014,8,22,3
2427,2014,8,23,3
2428,2014,8,24,3
2429,2014,8,25,3
2430,2014,8,26,3
2431,2014,8,27,3
2432,2014,8,28,3
2433,2014,8,29,3
2434,2014,8,30,3
2435,2014,8,31,3
2436,2014,9,1,4
2437,2014,9,2,4
2438,2014,9,3,4
2439,2014,9,4,4
2440,2014,9,5,4
2441,2014,9,6,4
2442,2014,9,7,4
2443,2014,9,8,4
2444,2014,9,9,4
2445,2014,9,10,4
2446,2014,9,11,4
2447,2014,9,12,4
2448,2014,9,13,4
2449,2014,9,14,4
2450,2014,9,15,4
2451,2014,9,16,4
2452,2014,9,17,4
2453,2014,9,18,4
2454,2014,9,19,4
2455,2014,9,20,4
2456,2014,9,21,4
2457,2014,9,22,4
2458,2014,9,23,4
2459,2014,9,24,4
2460,2014,9,25,4
2461,2014,9,26,4
2462,2014,9,27,4
2463,2014,9,28,4
2464,2014,9,29,4
2465,2014,9,30,4
2466,2014,10,1,4
2467,2014,10,2,4
2468,2014,10,3,4
2469,2014,10,4,4
2470,2014,10,5,4
2471,2014,10,6,4
2472,2014,10,7,4
2473,2014,10,8,4
2474,2014,10,9,4
2475,2014,10,10,4
2476,2014,10,11,4
2477,2014,10,12,4
2478,2014,10,13,4
2479,2014,10,14,4
2480,2014,10,15,4
2481,2014,10,16,4
2482,2014,10,17,4
2483,2014,10,18,4
2484,2014,10,19,4
2485,2014,10,20,4
2486,2014,10,21,4
2487,2014,10,22,4
2488,2014,10,23,4
2489,2014,10,24,4
2490,2014,10,25,4
2491,2014,10,26,4
2492,2014,10,27,4
2493,2014,10,28,4
2494,2014,10,29,4
2495,2014,10,30,4
2496,2014,10,31,4
2497,2014,11,1,4
2498,2014,11,2,4
2499,2014,11,3,4
2500,2014,11,4,4
2501,2014,11,5,4
2502,2014,11,6,4
2503,2014,11,7,4
2504,2014,11,8,4
2505,2014,11,9,4
2506,2014,11,10,4
2507,2014,11,11,4
2508,2014,11,12,4
2509,2014,11,13,4
2510,2014,11,14,4
2511,2014,11,15,4
2512,2014,11,16,4
2513,2014,11,17,4
2514,2014,11,18,4
2515,2014,11,19,4
2516,2014,11,20,4
2517,2014,11,21,4
2518,2014,11,22,4
2519,2014,11,23,4
2520,2014,11,24,4
2521,2014,11,25,4
2522,2014,11,26,4
2523,2014,11,27,4
2524,2014,11,28,4
2525,2014,11,29,4
2526,2014,11,30,4
2527,2014,12,1,1
2528,2014,12,2,1
2529,2014,12,3,1
2530,2014,12,4,1
2531,2014,12,5,1
2532,2014,12,6,1
2533,2014,12,7,1
2534,2014,12,8,1
2535,2014,12,9,1
2536,2014,12,10,1
2537,2014,12,11,1
2538,2014,12,12,1
2539,2014,12,13,1
2540,2014,12,14,1
2541,2014,12,15,1
2542,2014,12,16,1
2543,2014,12,17,1
2544,2014,12,18,1
2545,2014,12,19,1
2546,2014,12,20,1
2547,2014,12,21,1
2548,2014,12,22,1
2549,2014,12,23,1
2550,2014,12,24,1
2551,2014,12,25,1
2552,2014,12,26,1
2553,2014,12,27,1
2554,2014,12,28,1
2555,2014,12,29,1
2556,2014,12,30,1
2557,2014,12,31,1
2558,2015,1,1,1
2559,2015,1,2,1
2560,2015,1,3,1
2561,2015,1,4,1
2562,2015,1,5,1
2563,2015,1,6,1
2564,2015,1,7,1
2565,2015,1,8,1
2566,2015,1,9,1
2567,2015,1,10,1
2568,2015,1,11,1
2569,2015,1,12,1
2570,2015,1,13,1
2571,2015,1,14,1
2572,2015,1,15,1
2573,2015,1,16,1
2574,2015,1,17,1
2575,2015,1,18,1
2576,2015,1,19,1
2577,2015,1,20,1
2578,2015,1,21,1
2579,2015,1,22,1
2580,2015,1,23,1
2581,2015,1,24,1
2582,2015,1,25,1
2583,2015,1,26,1
2584,2015,1,27,1
2585,2015,1,28,1
2586,2015,1,29,1
2587,2015,1,30,1
2588,2015,1,31,1
2589,2015,2,1,1
2590,2015,2,2,1
2591,2015,2,3,1
2592,2015,2,4,1
2593,2015,2,5,1
2594,2015,2,6,1
2595,2015,2,7,1
2596,2015,2,8,1
2597,2015,2,9,1
2598,2015,2,10,1
2599,2015,2,11,1
2600,2015,2,12,1
2601,2015,2,13,1
2602,2015,2,14,1
2603,2015,2,15,1
2604,2015,2,16,1
2605,2015,2,17,1
2606,2015,2,18,1
2607,2015,2,19,1
2608,2015,2,20,1
2609,2015,2,21,1
2610,2015,2,22,1
2611,2015,2,23,1
2612,2015,2,24,1
2613,2015,2,25,1
2614,2015,2,26,1
2615,2015,2,27,1
2616,2015,2,28,1
2617,2015,3,1,2
2618,2015,3,2,2
2619,2015,3,3,2
2620,2015,3,4,2
2621,2015,3,5,2
2622,2015,3,6,2
2623,2015,3,7,2
2624,2015,3,8,2
2625,2015,3,9,2
2626,2015,3,10,2
2627,2015,3,11,2
2628,2015,3,12,2
2629,2015,3,13,2
2630,2015,3,14,2
2631,2015,3,15,2
2632,2015,3,16,2
2633,2015,3,17,2
2634,2015,3,18,2
2635,2015,3,19,2
2636,2015,3,20,2
2637,2015,3,21,2
2638,2015,3,22,2
2639,2015,3,23,2
2640,2015,3,24,2
2641,2015,3,25,2
2642,2015,3,26,2
2643,2015,3,27,2
2644,2015,3,28,2
2645,2015,3,29,2
2646,2015,3,30,2
2647,2015,3,31,2
2648,2015,4,1,2
2649,2015,4,2,2
2650,2015,4,3,2
2651,2015,4,4,2
2652,2015,4,5,2
2653,2015,4,6,2
2654,2015,4,7,2
2655,2015,4,8,2
2656,2015,4,9,2
2657,2015,4,10,2
2658,2015,4,11,2
2659,2015,4,12,2
2660,2015,4,13,2
2661,2015,4,14,2
2662,2015,4,15,2
2663,2015,4,16,2
2664,2015,4,17,2
2665,2015,4,18,2
2666,2015,4,19,2
2667,2015,4,20,2
2668,2015,4,21,2
2669,2015,4,22,2
2670,2015,4,23,2
2671,2015,4,24,2
2672,2015,4,25,2
2673,2015,4,26,2
2674,2015,4,27,2
2675,2015,4,28,2
2676,2015,4,29,2
2677,2015,4,30,2
2678,2015,5,1,2
2679,2015,5,2,2
2680,2015,5,3,2
2681,2015,5,4,2
2682,2015,5,5,2
2683,2015,5,6,2
2684,2015,5,7,2
2685,2015,5,8,2
2686,2015,5,9,2
2687,2015,5,10,2
2688,2015,5,11,2
2689,2015,5,12,2
2690,2015,5,13,2
2691,2015,5,14,2
2692,2015,5,15,2
2693,2015,5,16,2
2694,2015,5,17,2
2695,2015,5,18,2
2696,2015,5,19,2
2697,2015,5,20,2
2698,2015,5,21,2
2699,2015,5,22,2
2700,2015,5,23,2
2701,2015,5,24,2
2702,2015,5,25,2
2703,2015,5,26,2
2704,2015,5,27,2
2705,2015,5,28,2
2706,2015,5,29,2
2707,2015,5,30,2
2708,2015,5,31,2
2709,2015,6,1,3
2710,2015,6,2,3
2711,2015,6,3,3
2712,2015,6,4,3
2713,2015,6,5,3
2714,2015,6,6,3
2715,2015,6,7,3
2716,2015,6,8,3
2717,2015,6,9,3
2718,2015,6,10,3
2719,2015,6,11,3
2720,2015,6,12,3
2721,2015,6,13,3
2722,2015,6,14,3
2723,2015,6,15,3
2724,2015,6,16,3
2725,2015,6,17,3
2726,2015,6,18,3
2727,2015,6,19,3
2728,2015,6,20,3
2729,2015,6,21,3
2730,2015,6,22,3
2731,2015,6,23,3
2732,2015,6,24,3
2733,2015,6,25,3
2734,2015,6,26,3
2735,2015,6,27,3
2736,2015,6,28,3
2737,2015,6,29,3
2738,2015,6,30,3
2739,2015,7,1,3
2740,2015,7,2,3
2741,2015,7,3,3
2742,2015,7,4,3
2743,2015,7,5,3
2744,2015,7,6,3
2745,2015,7,7,3
2746,2015,7,8,3
2747,2015,7,9,3
2748,2015,7,10,3
2749,2015,7,11,3
2750,2015,7,12,3
2751,2015,7,13,3
2752,2015,7,14,3
2753,2015,7,15,3
2754,2015,7,16,3
2755,2015,7,17,3
2756,2015,7,18,3
2757,2015,7,19,3
2758,2015,7,20,3
2759,2015,7,21,3
2760,2015,7,22,3
2761,2015,7,23,3
2762,2015,7,24,3
2763,2015,7,25,3
2764,2015,7,26,3
2765,2015,7,27,3
2766,2015,7,28,3
2767,2015,7,29,3
2768,2015,7,30,3
2769,2015,7,31,3
2770,2015,8,1,3
2771,2015,8,2,3
2772,2015,8,3,3
2773,2015,8,4,3
2774,2015,8,5,3
2775,2015,8,6,3
2776,2015,8,7,3
2777,2015,8,8,3
2778,2015,8,9,3
2779,2015,8,10,3
2780,2015,8,11,3
2781,2015,8,12,3
2782,2015,8,13,3
2783,2015,8,14,3
2784,2015,8,15,3
2785,2015,8,16,3
2786,2015,8,17,3
2787,2015,8,18,3
2788,2015,8,19,3
2789,2015,8,20,3
2790,2015,8,21,3
2791,2015,8,22,3
2792,2015,8,23,3
2793,2015,8,24,3
2794,2015,8,25,3
2795,2015,8,26,3
2796,2015,8,27,3
2797,2015,8,28,3
2798,2015,8,29,3
2799,2015,8,30,3
2800,2015,8,31,3
2801,2015,9,1,4
2802,2015,9,2,4
2803,2015,9,3,4
2804,2015,9,4,4
2805,2015,9,5,4
2806,2015,9,6,4
2807,2015,9,7,4
2808,2015,9,8,4
2809,2015,9,9,4
2810,2015,9,10,4
2811,2015,9,11,4
2812,2015,9,12,4
2813,2015,9,13,4
2814,2015,9,14,4
2815,2015,9,15,4
2816,2015,9,16,4
2817,2015,9,17,4
2818,2015,9,18,4
2819,2015,9,19,4
2820,2015,9,20,4
2821,2015,9,21,4
2822,2015,9,22,4
2823,2015,9,23,4
2824,2015,9,24,4
2825,2015,9,25,4
2826,2015,9,26,4
2827,2015,9,27,4
2828,2015,9,28,4
2829,2015,9,29,4
2830,2015,9,30,4
2831,2015,10,1,4
2832,2015,10,2,4
2833,2015,10,3,4
2834,2015,10,4,4
2835,2015,10,5,4
2836,2015,10,6,4
2837,2015,10,7,4
2838,2015,10,8,4
2839,2015,10,9,4
2840,2015,10,10,4
2841,2015,10,11,4
2842,2015,10,12,4
2843,2015,10,13,4
2844,2015,10,14,4
2845,2015,10,15,4
2846,2015,10,16,4
2847,2015,10,17,4
2848,2015,10,18,4
2849,2015,10,19,4
2850,2015,10,20,4
2851,2015,10,21,4
2852,2015,10,22,4
2853,2015,10,23,4
2854,2015,10,24,4
2855,2015,10,25,4
2856,2015,10,26,4
2857,2015,10,27,4
2858,2015,10,28,4
2859,2015,10,29,4
2860,2015,10,30,4
2861,2015,10,31,4
2862,2015,11,1,4
2863,2015,11,2,4
2864,2015,11,3,4
2865,2015,11,4,4
2866,2015,11,5,4
2867,2015,11,6,4
2868,2015,11,7,4
2869,2015,11,8,4
2870,2015,11,9,4
2871,2015,11,10,4
2872,2015,11,11,4
2873,2015,11,12,4
2874,2015,11,13,4
2875,2015,11,14,4
2876,2015,11,15,4
2877,2015,11,16,4
2878,2015,11,17,4
2879,2015,11,18,4
2880,2015,11,19,4
2881,2015,11,20,4
2882,2015,11,21,4
2883,2015,11,22,4
2884,2015,11,23,4
2885,2015,11,24,4
2886,2015,11,25,4
2887,2015,11,26,4
2888,2015,11,27,4
2889,2015,11,28,4
2890,2015,11,29,4
2891,2015,11,30,4
2892,2015,12,1,1
2893,2015,12,2,1
2894,2015,12,3,1
2895,2015,12,4,1
2896,2015,12,5,1
2897,2015,12,6,1
2898,2015,12,7,1
2899,2015,12,8,1
2900,2015,12,9,1
2901,2015,12,10,1
2902,2015,12,11,1
2903,2015,12,12,1
2904,2015,12,13,1
2905,2015,12,14,1
2906,2015,12,15,1
2907,2015,12,16,1
2908,2015,12,17,1
2909,2015,12,18,1
2910,2015,12,19,1
2911,2015,12,20,1
2912,2015,12,21,1
2913,2015,12,22,1
2914,2015,12,23,1
2915,2015,12,24,1
2916,2015,12,25,1
2917,2015,12,26,1
2918,2015,12,27,1
2919,2015,12,28,1
2920,2015,12,29,1
2921,2015,12,30,1
2922,2015,12,31,1
2923,2016,1,1,1
2924,2016,1,2,1
2925,2016,1,3,1
2926,2016,1,4,1
2927,2016,1,5,1
2928,2016,1,6,1
2929,2016,1,7,1
2930,2016,1,8,1
2931,2016,1,9,1
2932,2016,1,10,1
2933,2016,1,11,1
2934,2016,1,12,1
2935,2016,1,13,1
2936,2016,1,14,1
2937,2016,1,15,1
2938,2016,1,16,1
2939,2016,1,17,1
2940,2016,1,18,1
2941,2016,1,19,1
2942,2016,1,20,1
2943,2016,1,21,1
2944,2016,1,22,1
2945,2016,1,23,1
2946,2016,1,24,1
2947,2016,1,25,1
2948,2016,1,26,1
2949,2016,1,27,1
2950,2016,1,28,1
2951,2016,1,29,1
2952,2016,1,30,1
2953,2016,1,31,1
2954,2016,2,1,1
2955,2016,2,2,1
2956,2016,2,3,1
2957,2016,2,4,1
2958,2016,2,5,1
2959,2016,2,6,1
2960,2016,2,7,1
2961,2016,2,8,1
2962,2016,2,9,1
2963,2016,2,10,1
2964,2016,2,11,1
2965,2016,2,12,1
2966,2016,2,13,1
2967,2016,2,14,1
2968,2016,2,15,1
2969,2016,2,16,1
2970,2016,2,17,1
2971,2016,2,18,1
2972,2016,2,19,1
2973,2016,2,20,1
2974,2016,2,21,1
2975,2016,2,22,1
2976,2016,2,23,1
2977,2016,2,24,1
2978,2016,2,25,1
2979,2016,2,26,1
2980,2016,2,27,1
2981,2016,2,28,1
2982,2016,2,29,1
2983,2016,3,1,2
2984,2016,3,2,2
2985,2016,3,3,2
2986,2016,3,4,2
2987,2016,3,5,2
2988,2016,3,6,2
2989,2016,3,7,2
2990,2016,3,8,2
2991,2016,3,9,2
2992,2016,3,10,2
2993,2016,3,11,2
2994,2016,3,12,2
2995,2016,3,13,2
2996,2016,3,14,2
2997,2016,3,15,2
2998,2016,3,16,2
2999,2016,3,17,2
3000,2016,3,18,2
3001,2016,3,19,2
3002,2016,3,20,2
3003,2016,3,21,2
3004,2016,3,22,2
3005,2016,3,23,2
3006,2016,3,24,2
3007,2016,3,25,2
3008,2016,3,26,2
3009,2016,3,27,2
3010,2016,3,28,2
3011,2016,3,29,2
3012,2016,3,30,2
3013,2016,3,31,2
3014,2016,4,1,2
3015,2016,4,2,2
3016,2016,4,3,2
3017,2016,4,4,2
3018,2016,4,5,2
3019,2016,4,6,2
3020,2016,4,7,2
3021,2016,4,8,2
3022,2016,4,9,2
3023,2016,4,10,2
3024,2016,4,11,2
3025,2016,4,12,2
3026,2016,4,13,2
3027,2016,4,14,2
3028,2016,4,15,2
3029,2016,4,16,2
3030,2016,4,17,2
3031,2016,4,18,2
3032,2016,4,19,2
3033,2016,4,20,2
3034,2016,4,21,2
3035,2016,4,22,2
3036,2016,4,23,2
3037,2016,4,24,2
3038,2016,4,25,2
3039,2016,4,26,2
3040,2016,4,27,2
3041,2016,4,28,2
3042,2016,4,29,2
3043,2016,4,30,2
3044,2016,5,1,2
3045,2016,5,2,2
3046,2016,5,3,2
3047,2016,5,4,2
3048,2016,5,5,2
3049,2016,5,6,2
3050,2016,5,7,2
3051,2016,5,8,2
3052,2016,5,9,2
3053,2016,5,10,2
3054,2016,5,11,2
3055,2016,5,12,2
3056,2016,5,13,2
3057,2016,5,14,2
3058,2016,5,15,2
3059,2016,5,16,2
3060,2016,5,17,2
3061,2016,5,18,2
3062,2016,5,19,2
3063,2016,5,20,2
3064,2016,5,21,2
3065,2016,5,22,2
3066,2016,5,23,2
3067,2016,5,24,2
3068,2016,5,25,2
3069,2016,5,26,2
3070,2016,5,27,2
3071,2016,5,28,2
3072,2016,5,29,2
3073,2016,5,30,2
3074,2016,5,31,2
3075,2016,6,1,3
3076,2016,6,2,3
3077,2016,6,3,3
3078,2016,6,4,3
3079,2016,6,5,3
3080,2016,6,6,3
3081,2016,6,7,3
3082,2016,6,8,3
3083,2016,6,9,3
3084,2016,6,10,3
3085,2016,6,11,3
3086,2016,6,12,3
3087,2016,6,13,3
3088,2016,6,14,3
3089,2016,6,15,3
3090,2016,6,16,3
3091,2016,6,17,3
3092,2016,6,18,3
3093,2016,6,19,3
3094,2016,6,20,3
3095,2016,6,21,3
3096,2016,6,22,3
3097,2016,6,23,3
3098,2016,6,24,3
3099,2016,6,25,3
3100,2016,6,26,3
3101,2016,6,27,3
3102,2016,6,28,3
3103,2016,6,29,3
3104,2016,6,30,3
3105,2016,7,1,3
3106,2016,7,2,3
3107,2016,7,3,3
3108,2016,7,4,3
3109,2016,7,5,3
3110,2016,7,6,3
3111,2016,7,7,3
3112,2016,7,8,3
3113,2016,7,9,3
3114,2016,7,10,3
3115,2016,7,11,3
3116,2016,7,12,3
3117,2016,7,13,3
3118,2016,7,14,3
3119,2016,7,15,3
3120,2016,7,16,3
3121,2016,7,17,3
3122,2016,7,18,3
3123,2016,7,19,3
3124,2016,7,20,3
3125,2016,7,21,3
3126,2016,7,22,3
3127,2016,7,23,3
3128,2016,7,24,3
3129,2016,7,25,3
3130,2016,7,26,3
3131,2016,7,27,3
3132,2016,7,28,3
3133,2016,7,29,3
3134,2016,7,30,3
3135,2016,7,31,3
3136,2016,8,1,3
3137,2016,8,2,3
3138,2016,8,3,3
3139,2016,8,4,3
3140,2016,8,5,3
3141,2016,8,6,3
3142,2016,8,7,3
3143,2016,8,8,3
3144,2016,8,9,3
3145,2016,8,10,3
3146,2016,8,11,3
3147,2016,8,12,3
3148,2016,8,13,3
3149,2016,8,14,3
3150,2016,8,15,3
3151,2016,8,16,3
3152,2016,8,17,3
3153,2016,8,18,3
3154,2016,8,19,3
3155,2016,8,20,3
3156,2016,8,21,3
3157,2016,8,22,3
3158,2016,8,23,3
3159,2016,8,24,3
3160,2016,8,25,3
3161,2016,8,26,3
3162,2016,8,27,3
3163,2016,8,28,3
3164,2016,8,29,3
3165,2016,8,30,3
3166,2016,8,31,3
3167,2016,9,1,4
3168,2016,9,2,4
3169,2016,9,3,4
3170,2016,9,4,4
3171,2016,9,5,4
3172,2016,9,6,4
3173,2016,9,7,4
3174,2016,9,8,4
3175,2016,9,9,4
3176,2016,9,10,4
3177,2016,9,11,4
3178,2016,9,12,4
3179,2016,9,13,4
3180,2016,9,14,4
3181,2016,9,15,4
3182,2016,9,16,4
3183,2016,9,17,4
3184,2016,9,18,4
3185,2016,9,19,4
3186,2016,9,20,4
3187,2016,9,21,4
3188,2016,9,22,4
3189,2016,9,23,4
3190,2016,9,24,4
3191,2016,9,25,4
3192,2016,9,26,4
3193,2016,9,27,4
3194,2016,9,28,4
3195,2016,9,29,4
3196,2016,9,30,4
3197,2016,10,1,4
3198,2016,10,2,4
3199,2016,10,3,4
3200,2016,10,4,4
3201,2016,10,5,4
3202,2016,10,6,4
3203,2016,10,7,4
3204,2016,10,8,4
3205,2016,10,9,4
3206,2016,10,10,4
3207,2016,10,11,4
3208,2016,10,12,4
3209,2016,10,13,4
3210,2016,10,14,4
3211,2016,10,15,4
3212,2016,10,16,4
3213,2016,10,17,4
3214,2016,10,18,4
3215,2016,10,19,4
3216,2016,10,20,4
3217,2016,10,21,4
3218,2016,10,22,4
3219,2016,10,23,4
3220,2016,10,24,4
3221,2016,10,25,4
3222,2016,10,26,4
3223,2016,10,27,4
3224,2016,10,28,4
3225,2016,10,29,4
3226,2016,10,30,4
3227,2016,10,31,4
3228,2016,11,1,4
3229,2016,11,2,4
3230,2016,11,3,4
3231,2016,11,4,4
3232,2016,11,5,4
3233,2016,11,6,4
3234,2016,11,7,4
3235,2016,11,8,4
3236,2016,11,9,4
3237,2016,11,10,4
3238,2016,11,11,4
3239,2016,11,12,4
3240,2016,11,13,4
3241,2016,11,14,4
3242,2016,11,15,4
3243,2016,11,16,4
3244,2016,11,17,4
3245,2016,11,18,4
3246,2016,11,19,4
3247,2016,11,20,4
3248,2016,11,21,4
3249,2016,11,22,4
3250,2016,11,23,4
3251,2016,11,24,4
3252,2016,11,25,4
3253,2016,11,26,4
3254,2016,11,27,4
3255,2016,11,28,4
3256,2016,11,29,4
3257,2016,11,30,4
3258,2016,12,1,1
3259,2016,12,2,1
3260,2016,12,3,1
3261,2016,12,4,1
3262,2016,12,5,1
3263,2016,12,6,1
3264,2016,12,7,1
3265,2016,12,8,1
3266,2016,12,9,1
3267,2016,12,10,1
3268,2016,12,11,1
3269,2016,12,12,1
3270,2016,12,13,1
3271,2016,12,14,1
3272,2016,12,15,1
3273,2016,12,16,1
3274,2016,12,17,1
3275,2016,12,18,1
3276,2016,12,19,1
3277,2016,12,20,1
3278,2016,12,21,1
3279,2016,12,22,1
3280,2016,12,23,1
3281,2016,12,24,1
3282,2016,12,25,1
3283,2016,12,26,1
3284,2016,12,27,1
3285,2016,12,28,1
3286,2016,12,29,1
3287,2016,12,30,1
3288,2016,12,31,1
3289,2017,1,1,1
3290,2017,1,2,1
3291,2017,1,3,1
3292,2017,1,4,1
3293,2017,1,5,1
3294,2017,1,6,1
3295,2017,1,7,1
3296,2017,1,8,1
3297,2017,1,9,1
3298,2017,1,10,1
3299,2017,1,11,1
3300,2017,1,12,1
3301,2017,1,13,1
3302,2017,1,14,1
3303,2017,1,15,1
3304,2017,1,16,1
3305,2017,1,17,1
3306,2017,1,18,1
3307,2017,1,19,1
3308,2017,1,20,1
3309,2017,1,21,1
3310,2017,1,22,1
3311,2017,1,23,1
3312,2017,1,24,1
3313,2017,1,25,1
3314,2017,1,26,1
3315,2017,1,27,1
3316,2017,1,28,1
3317,2017,1,29,1
3318,2017,1,30,1
3319,2017,1,31,1
3320,2017,2,1,1
3321,2017,2,2,1
3322,2017,2,3,1
3323,2017,2,4,1
3324,2017,2,5,1
3325,2017,2,6,1
3326,2017,2,7,1
3327,2017,2,8,1
3328,2017,2,9,1
3329,2017,2,10,1
3330,2017,2,11,1
3331,2017,2,12,1
3332,2017,2,13,1
3333,2017,2,14,1
3334,2017,2,15,1
3335,2017,2,16,1
3336,2017,2,17,1
3337,2017,2,18,1
3338,2017,2,19,1
3339,2017,2,20,1
3340,2017,2,21,1
3341,2017,2,22,1
3342,2017,2,23,1
3343,2017,2,24,1
3344,2017,2,25,1
3345,2017,2,26,1
3346,2017,2,27,1
3347,2017,2,28,1
3348,2017,3,1,2
3349,2017,3,2,2
3350,2017,3,3,2
3351,2017,3,4,2
3352,2017,3,5,2
3353,2017,3,6,2
3354,2017,3,7,2
3355,2017,3,8,2
3356,2017,3,9,2
3357,2017,3,10,2
3358,2017,3,11,2
3359,2017,3,12,2
3360,2017,3,13,2
3361,2017,3,14,2
3362,2017,3,15,2
3363,2017,3,16,2
3364,2017,3,17,2
3365,2017,3,18,2
3366,2017,3,19,2
3367,2017,3,20,2
3368,2017,3,21,2
3369,2017,3,22,2
3370,2017,3,23,2
3371,2017,3,24,2
3372,2017,3,25,2
3373,2017,3,26,2
3374,2017,3,27,2
3375,2017,3,28,2
3376,2017,3,29,2
3377,2017,3,30,2
3378,2017,3,31,2
3379,2017,4,1,2
3380,2017,4,2,2
3381,2017,4,3,2
3382,2017,4,4,2
3383,2017,4,5,2
3384,2017,4,6,2
3385,2017,4,7,2
3386,2017,4,8,2
3387,2017,4,9,2
3388,2017,4,10,2
3389,2017,4,11,2
3390,2017,4,12,2
3391,2017,4,13,2
3392,2017,4,14,2
3393,2017,4,15,2
3394,2017,4,16,2
3395,2017,4,17,2
3396,2017,4,18,2
3397,2017,4,19,2
3398,2017,4,20,2
3399,2017,4,21,2
3400,2017,4,22,2
3401,2017,4,23,2
3402,2017,4,24,2
3403,2017,4,25,2
3404,2017,4,26,2
3405,2017,4,27,2
3406,2017,4,28,2
3407,2017,4,29,2
3408,2017,4,30,2
3409,2017,5,1,2
3410,2017,5,2,2
3411,2017,5,3,2
3412,2017,5,4,2
3413,2017,5,5,2
3414,2017,5,6,2
3415,2017,5,7,2
3416,2017,5,8,2
3417,2017,5,9,2
3418,2017,5,10,2
3419,2017,5,11,2
3420,2017,5,12,2
3421,2017,5,13,2
3422,2017,5,14,2
3423,2017,5,15,2
3424,2017,5,16,2
3425,2017,5,17,2
3426,2017,5,18,2
3427,2017,5,19,2
3428,2017,5,20,2
3429,2017,5,21,2
3430,2017,5,22,2
3431,2017,5,23,2
3432,2017,5,24,2
3433,2017,5,25,2
3434,2017,5,26,2
3435,2017,5,27,2
3436,2017,5,28,2
3437,2017,5,29,2
3438,2017,5,30,2
3439,2017,5,31,2
3440,2017,6,1,3
3441,2017,6,2,3
3442,2017,6,3,3
3443,2017,6,4,3
3444,2017,6,5,3
3445,2017,6,6,3
3446,2017,6,7,3
3447,2017,6,8,3
3448,2017,6,9,3
3449,2017,6,10,3
3450,2017,6,11,3
3451,2017,6,12,3
3452,2017,6,13,3
3453,2017,6,14,3
3454,2017,6,15,3
3455,2017,6,16,3
3456,2017,6,17,3
3457,2017,6,18,3
3458,2017,6,19,3
3459,2017,6,20,3
3460,2017,6,21,3
3461,2017,6,22,3
3462,2017,6,23,3
3463,2017,6,24,3
3464,2017,6,25,3