latitude,longitude
-32.5484,148.3833
-37.5502,143.541
-30.3185,140.7558
-28.5984,140.5749
-29.1745,150.2247
-37.3921,145.8596
-28.1177,152.9359
-27.7596,145.6098
-32.2352,147.3696
-28.164,149.4312
-30.776,149.4186
-30.6932,147.537
-36.1111,142.217
-33.725,147.0237
-37.2242,145.4041
-36.0706,149.6623
-33.4955,148.4329
-37.3784,146.1129
-35.9332,146.291
-40.8377,144.8348
-37.2515,145.5388
-34.4649,150.8873
-37.7478,142.8069
-27.4789,150.429
-29.8256,152.4292
-35.6096,147.0738
-37.4441,149.2083
-29.2142,151.5925
-37.4214,148.3103
-32.1691,151.0171
-42.1276,147.2669
-34.4335,142.9126
-28.7081,151.3059
-28.7675,146.0863
-33.5581,150.2752
-28.7657,146.9261
-41.6513,147.0175
-31.4695,152.8308
-34.7115,148.3589
-34.1116,141.0124
-36.7493,147.2253
-34.7864,145.9957
-32.2803,149.9675
-36.3435,141.0694
-28.3636,148.2303
-35.909,145.3917
-34.1829,148.2533
-29.4397,148.8684
-38.0472,143.89
-41.1946,147.4046
-33.8126,140.5778
-35.9499,147.3563
-34.4596,150.8793
-30.1514,147.5038
-32.7749,149.8374
-29.0623,148.7984
-36.6278,145.5096
-34.8038,146.08
-27.4076,143.7699
-34.7045,147.4993
-35.4246,147.9768
-34.4785,148.4316
-28.4043,150.7285
-34.4635,150.8804
-37.3637,145.6054
-29.0757,150.8272
-37.1411,143.3889
-37.6634,143.0333
-36.8945,141.9796
-28.3715,152.4266
-34.3792,146.5989
-34.7179,147.2434
-27.675,152.8534
-32.5018,150.5558
-38.3621,146.4904
-36.2523,143.6748
-35.8273,142.0574
-36.7483,144.1898
-37.2636,149.8302
-33.686,146.2178
-35.0772,146.5571
-33.394,150.4162
-33.4198,147.4554
-28.4502,143.9312
-34.9295,145.9554
-35.7207,146.7215
-28.38,149.8041
-37.6146,143.015
-28.3052,149.3578
-37.1386,149.1524
-41.4985,146.5005
-27.5108,149.5639
-34.2996,147.4046
-29.0629,148.8045
-33.8316,149.2746
-42.4145,146.5608
-28.1026,152.7182
-29.0071,148.7486
-28.3905,149.2338
-28.8079,147.1418
-31.1814,151.6116
-28.7468,147.7209
-41.6268,146.1647
-30.9018,146.1131
-35.813,149.0116
-27.4312,152.3582
-34.0486,149.7305
-35.936,145.1244
-41.6929,147.4422
-36.0835,144.6662
-33.4614,150.8967
-35.3267,149.1855
-28.997,146.5728
-43.1377,145.9117
-34.2036,146.124
-40.6802,144.9375
-40.2555,148.1615
-38.5221,143.9609
-34.5786,147.0919
-32.6389,146.4855
-34.5374,142.3227
-37.3749,145.7389
-37.6437,146.1984
-35.7191,146.4476
-34.6675,147.323
-41.109,145.3152
-34.7713,147.4038
-36.1637,146.7026
-35.2814,141.8404
-34.879,145.9879
-33.4017,149.8179
-28.7622,147.1599
-36.3809,145.9147
-35.4628,146.8946
-28.3678,148.134
-37.4811,149.0313
-29.2604,152.5285
-34.4169,140.5441
-27.6063,149.5431
-28.9245,149.2525
-31.6766,147.1128
-34.9944,147.0862
-37.84,141.8265
-36.7309,141.4807
-35.8711,146.4617
-35.7291,146.8221
-34.4687,150.8769
-33.1969,146.4369
-35.295,148.9281
-36.5163,143.0295
-41.4432,147.5409
-33.2405,149.1778
-31.829,151.9518
-32.1182,146.8847
-33.6667,151.2182
-35.6144,145.2692
-35.6793,141.9865
-27.6505,150.7953
-36.6139,146.9152
-27.4117,151.0145
-36.4301,141.2737
-28.1991,141.4671
-37.2382,149.7894
-34.4569,150.8743
-33.6841,147.6468
-35.8227,146.778
-35.7746,150.0431
-27.6409,147.8714
-36.3672,141.9187
-35.8518,143.0041
-38.1254,141.9304
-34.7051,146.5345
-34.3571,140.631
-35.6287,146.9524
-38.1912,141.6583
-35.489,145.4978
-37.839,141.8877
-27.5611,150.929
-34.4478,150.8634
-31.7953,144.9973
-33.8367,148.2905
-31.8759,150.7704
-34.2972,146.2403
-38.5203,146.4989
-31.1297,146.1225
-34.4638,150.8639
-30.8756,151.3077
-41.4446,147.4109
-35.1788,148.5846
-35.6053,150.179
-34.4542,150.8676
-33.8825,146.1706
-28.5888,152.4231
-31.2871,148.9042
-36.205,149.8889
-37.3926,144.1481
-31.4061,148.527
-33.4689,147.1344
-29.5667,151.5707
-28.7779,146.053
-34.4986,146.8185
-32.1477,149.3754
-30.5336,150.097
-37.6371,148.4672
-29.0427,152.5484
-28.4782,149.9468
-40.3591,148.319
-37.8213,145.3915
-41.7437,146.0973
-37.8291,142.9808
-30.936,152.8015
-27.7175,150.8158
-29.4554,149.9703
-37.4082,144.9975
-36.6903,143.9453
-28.1485,152.4681
-34.3379,146.1046
-32.0216,152.4677
-34.8579,147.229
-37.9625,145.7041
-34.0266,140.5283
-31.0809,148.4438
-41.0334,147.1809
-30.9905,149.9458
-27.9701,151.7954
-29.4577,152.2719
-33.1959,150.8054
-37.3033,141.0741
-35.3279,144.2769
-41.6734,147.4763
-28.446,152.2955
-33.8883,148.2745
-35.5098,146.5561
-36.5614,147.6198
-32.5448,146.7525
-36.629,144.6833
-29.1639,149.4053
-31.6532,151.2563
-28.7003,142.4621
-34.5941,146.2344
-33.3716,145.5324
-27.5919,151.7044
-29.9611,151.5155
-30.1989,140.7624
-37.8689,142.8635
-29.1338,151.7279
-41.0132,148.1821
-42.2565,146.6315
-28.8443,141.4583
-36.4632,141.2912
-29.7499,152.6409
-27.9638,150.4858
-30.3775,147.4498
-28.8648,140.6029
-34.4605,150.879
-35.6204,141.579
-41.0996,144.7325
-35.6556,150.2766
-41.0038,144.7911
-29.0225,148.7494
-28.9325,149.0655
-30.6927,149.7644
-33.586,147.7095
-28.1959,147.5206
-36.4068,145.7566
-31.5563,152.0453
-35.5011,143.3564
-38.3878,147.0767
-27.6563,141.6429
-37.6715,145.5902
-37.2354,142.2708
-27.7232,148.6529
-32.6474,148.763
-35.8277,143.7547
-29.364,148.3238
-30.9269,152.7998
-38.3456,147.0037
-29.3872,152.8442
-37.7745,146.5329
-35.4545,147.2526
-29.2669,151.5787
-36.1004,143.6316
-36.7571,141.0545
-35.2839,143.8589
-41.0807,145.8455
-31.0796,151.0146
-34.3519,146.4556
-33.7958,150.8745
-29.8199,152.7474
-29.2072,151.5873
-28.3384,149.955
-37.4463,146.0112
-35.5429,148.2846
-34.3165,148.0332
-30.8867,146.1195
-31.2342,152.7857
-32.4883,146.6157
-28.7605,147.7137
-28.7696,152.8455
-33.9496,148.6204
-28.8993,150.8837
-28.4463,150.855
-28.1603,151.2815
-32.3506,149.0043
-38.5171,146.5608
-37.4127,145.129
-34.5336,148.2361
-35.0728,146.7895
-35.2771,142.1905
-35.5821,148.0299
-29.381,148.1449
-36.7891,146.9932
-32.6008,148.725
-41.4899,145.7431
-35.5776,144.5949
-33.7876,145.5338
-28.8866,150.7256
-34.4554,146.3336
-34.6135,148.2866
-37.5325,145.196
-31.5295,152.4268
-37.503,146.3468
-36.3064,142.2864
-31.9693,149.6921
-37.524,148.4927
-28.711,152.2964
-29.9636,151.5094
-34.4847,148.3258
-35.2177,145.9639
-37.4669,148.4477
-33.686,150.777
-34.0097,149.8471
-40.984,145.4001
-33.4053,145.7886
-33.0123,150.688
-37.8813,143.4353
-36.5009,146.7578
-35.9415,148.2011
-33.765,145.7695
-33.17,150.542
-37.7375,146.4888
-33.8033,147.7621
-36.1082,146.3693
-35.4979,145.0112
-30.197,140.8772
-27.4236,148.0043
-32.1002,151.892
-42.6891,147.6132
-36.8417,149.8549
-35.0722,146.7859
-36.2924,146.1104
-27.7698,148.6202
-34.4612,150.881
-34.4683,146.0639
-37.6479,143.4585
-28.0276,147.4471
-28.6405,150.2363
-33.5278,149.531
-34.752,143.1877
-34.0312,147.4858
-34.8492,143.7236
-37.8083,143.1985
-29.4901,152.6332
-32.7291,148.6673
-34.4651,150.874
-36.471,146.709
-36.4198,141.1442
-28.6281,151.9709
-30.8083,146.5931
-28.3345,151.2967
-34.4516,150.8629
-31.9049,146.9613
-32.3876,146.0064
-29.3888,145.2847
-38.0649,141.28
-34.4774,149.1029
-34.544,140.6603
-27.4168,143.7725
-37.7275,145.8959
-27.4035,141.3324
-30.0986,153.1919
-32.4149,147.033
-27.4702,150.9692
-27.909,147.6019
-36.385,140.7991
-37.2786,143.9359
-30.5729,149.8716
-27.8688,149.2516
-34.4,147.537
-37.0749,149.6001
-30.9983,152.8729
-35.2002,147.2036
-28.2162,148.8465
-34.6621,142.8303
-37.1277,142.7773
-36.6583,140.956
-34.8023,145.8988
-37.9036,145.242
-27.7289,149.0839
-35.6819,140.7315
-37.6527,143.1933
-33.1544,150.6758
-36.1698,142.7239
-34.0255,145.8436
-29.0795,150.0481
-28.2707,150.1877
-28.3309,149.8935
-36.9384,142.4845
-34.6338,142.5378
-35.1778,148.1348
-27.7205,148.6378
-34.8597,147.5193
-35.8645,145.6999
-35.4941,147.018
-32.8227,142.6715
-30.3945,151.4044
-34.7194,147.0487
-34.6753,146.8054
-31.1277,147.1048
-31.0666,148.1989
-37.8045,144.7992
-37.0428,142.5173
-37.9621,140.9122
-27.49,148.1209
-31.8476,145.8084
-35.5478,146.3126
-37.1893,148.5832
-34.4539,150.8652
-27.4489,147.6753
-28.4202,148.3727
-37.7507,142.7263
-28.3759,151.9126
-37.2463,148.9307
-42.6281,147.3541
-28.6945,149.1242
-36.0399,143.767
-35.2392,149.5684
-28.5223,142.0057
-29.3934,148.5019
-34.4572,145.2517
-37.0563,142.9953
-28.4761,153.2638
-29.5212,152.2916
-29.61,148.2045
-27.8292,149.2899
-37.6226,148.4372
-37.6848,140.5676
-37.2649,142.1882
-36.8559,142.8295
-30.1991,152.2684
-35.1219,148.5182
-28.8995,140.676
-29.0554,148.7969
-32.6836,150.7636
-41.3992,148.0719
-33.585,150.7638
-34.7075,141.1365
-37.4267,148.6096
-35.3464,147.3747
-36.8532,141.9821
-29.5474,149.2724
-37.7652,148.401
-36.1781,145.9684
-35.8676,144.9445
-33.3893,149.8542
-38.2563,146.4255
-31.6669,148.7789
-36.6563,147.7697
-37.4348,146.0532
-34.5533,145.4501
-28.8704,150.021
-37.0224,145.5054
-36.3722,145.7251
-28.948,150.8315
-29.2605,151.4943
-36.1542,147.9521
-31.7916,151.9252
-28.6375,147.3253
-34.4572,150.8685
-37.9516,144.2893
-28.9874,153.1339
-32.4995,150.569
-27.9814,148.6873
-34.7814,147.5028
-28.512,147.8865
-37.5135,141.5616
-34.4168,147.3796
-34.284,148.2465
-33.8608,147.9678
-30.1648,150.1964
-34.3943,147.9019
-27.778,148.6588
-29.3227,151.5855
-35.4284,147.9711
-28.5408,149.6988
-35.5106,146.8219
-34.3096,147.4132
-34.3893,147.4774
-37.4091,148.6366
-28.3107,152.468
-28.0008,148.7671
-34.8487,146.7695
-28.5599,148.069
-31.4773,148.7705
-37.2519,142.232
-41.422,146.9782
-34.8505,147.6287
-29.0818,148.7114
-29.6678,153.0435
-38.1673,143.7822
-36.7849,140.9173
-33.4636,147.1012
-41.4064,147.9395
-33.5399,148.5108
-40.5138,148.1384
-35.4887,143.6238
-43.1212,145.9813
-41.3415,146.8572
-30.3951,152.1218
-34.4426,146.7754
-33.1586,147.3344
-32.7547,150.5631
-29.6506,149.9281
-27.6841,151.389
-28.5545,149.8024
-34.4307,146.1998
-29.0872,151.8923
-37.9467,145.0775
-28.5616,152.2991
-41.0709,145.1484
-38.356,146.2204
-38.1275,143.8527
-28.7519,148.5888
-28.6257,148.2799
-40.9963,145.3539
-28.2103,151.0006
-41.2829,145.046
-34.4677,150.8887
-31.1477,152.8109
-31.7776,152.4037
-37.0139,142.273
-34.2757,147.5712
-37.2709,142.2888
-28.9733,150.0876
-34.4576,150.8844
-27.8495,150.6057
-35.7358,141.0336
-28.854,142.5123
-28.3917,148.6693
-28.2153,151.0253
-34.9245,145.7833
-31.5695,146.8499
-36.6657,144.5166
-37.249,148.4511
-35.8337,143.7075
-35.5674,145.2454
-37.1041,143.7014
-34.3829,146.153
-37.3275,145.2425
-36.6376,143.0867
-37.2219,143.7395
-36.1981,145.7702
-34.2864,147.9238
-28.7695,147.1276
-35.5299,145.2489
-29.479,148.5485
-37.1653,149.9204
-34.7617,146.0065
-31.7359,145.3799
-37.4055,145.5217
-36.3855,145.6938
-36.0291,142.1213
-34.4646,150.8824
-30.2811,149.3111
-37.0262,149.4586
-34.7131,147.0975
-29.3485,150.2489
-30.8174,148.8566
-36.4088,140.9828
-33.6754,146.316
-33.5522,150.3518
-35.5201,147.6191
-42.7882,145.6628
-36.7597,141.0753
-30.0991,151.8897
-32.768,146.3712
-38.2025,144.1749
-32.5221,148.6628
-29.2375,148.5887
-32.1203,146.0386
-42.5652,147.7179
-28.7726,151.9865
-32.1905,146.8197
-27.7186,148.3816
-34.8836,146.0016
-40.2416,148.1605
-34.4324,147.5887
-28.6621,152.1787
-35.5271,146.8434
-29.286,152.6992
-33.4393,147.349
-36.6847,144.6938
-29.2297,150.3818
-29.393,140.8636
-29.9857,151.5607
-33.7246,148.5858
-31.8382,145.7531
-36.4219,141.4324
-33.9496,148.6204
-27.4768,144.6012
-35.5874,146.1202
-37.5758,144.9804
-30.7419,152.1614
-31.6012,150.2886
-34.1118,147.6338
-38.4975,143.9702
-36.4551,146.7574
-37.6984,143.6114
-42.5931,146.7441
-31.3986,148.0713
-27.5885,151.6942
-35.3443,146.6868
-35.9882,149.744
-40.3485,148.2724
-34.3857,147.8765
-37.2096,148.3958
-29.6301,150.8278
-28.6433,152.3844
-33.9481,140.5234
-35.5212,150.0328
-37.9926,145.1115
-36.4153,141.1669
-35.5363,146.2487
-35.5936,147.6278
-35.5555,146.5267
-28.6265,149.0856
-35.7954,145.4092
-38.2587,146.6545
-27.6,142.153
-32.2738,151.324
-37.3456,141.1883
-32.0712,148.4682
-27.8234,148.7149
-28.6699,142.4657
-33.7997,148.6398
-36.3635,143.1822
-29.7438,151.9013
-28.2937,152.8228
-27.8798,150.9492
-37.4162,148.6322
-28.2739,150.9904
-27.5244,147.5398
-28.1631,151.299
-37.4256,148.6481
-29.5082,140.9412
-35.3224,144.7368
-37.7701,146.2901
-31.4636,151.2288
-34.4918,143.4073
-29.1673,151.5896
-29.1105,140.5563
-33.0772,148.2309
-34.279,143.6869
-35.1441,148.5323
-29.7839,149.1472
-36.6839,142.8487
-29.7911,152.54
-34.7495,143.1623
-34.4789,148.0181
-34.062,146.9599
-32.1878,146.4237
-27.8195,149.3941
-28.6294,147.059
-27.3886,141.4577
-37.8561,143.2015
-38.3299,142.6808
-34.8483,141.765
-32.2608,148.7057
-33.5989,148.3474
-34.4453,147.2427
-34.4513,146.0698
-34.3435,143.0698
-36.1218,147.5732
-35.7718,149.7908
-27.5111,147.5367
-37.3985,141.4747
-37.7142,147.7459
-35.7896,146.7061
-37.1216,148.4839
-28.9886,149.733
-36.4895,142.572
-35.4327,144.2725
-35.3846,145.9099
-29.211,152.6393
-27.4362,150.8542
-34.5926,146.9758
-33.1062,149.0809
-36.7938,140.6318
-28.9649,147.5495
-34.945,149.0175
-28.2199,147.5262
-36.0109,147.4862
-34.5976,147.5621
-28.7848,149.7621
-36.8645,141.5153
-34.0053,148.2128
-31.0892,143.19
-41.3559,148.2842
-31.9195,150.8079
-30.9859,146.9467
-37.6911,146.3755
-29.8636,149.8107
-34.2836,140.7446
-34.5665,147.1389
-31.4889,152.7243
-37.1292,142.7599
-36.3293,146.0569
-28.0969,148.2048
-31.686,151.5582
-33.0139,146.4713
-37.9505,143.9084
-35.5749,144.4843
-35.5763,145.6107
-36.9318,147.0042
-42.8211,147.7019
-36.0378,142.5188
-32.5578,147.5465
-34.9247,145.8784
-41.8406,146.1855
-28.426,145.4002
-28.6217,152.306
-29.3746,148.5067
-29.6471,152.5593
-34.4667,150.8823
-32.1698,152.1375
-29.8025,149.3798
-36.2551,142.6002
-41.4513,147.1793
-35.5129,145.3515
-27.4669,150.8652
-33.844,149.2523
-36.384,142.1601
-35.1996,142.5814
-32.9267,146.9747
-34.1515,149.5775
-28.7551,148.6464
-31.2399,147.091
-36.244,143.3623
-35.5104,146.625
-35.5064,145.498
-35.757,145.6719
-37.0443,149.4583
-29.1706,150.3408
-27.4872,148.4331
-37.3292,148.6832
-36.7705,145.1852
-40.0633,148.2279
-31.9407,145.8612
-36.8185,141.6302
-30.4216,144.7323
-36.6137,145.2303
-41.4244,145.6171
-41.2633,145.7702
-28.937,150.3883
-34.2638,148.0834
-28.742,146.0125
-29.2077,151.4457
-42.8069,147.7673
-37.0196,142.4404
-37.1003,141.6719
-37.6728,147.4818
-30.9039,147.5399
-38.4553,145.5944
-38.011,143.8635
-34.3359,147.3189
-29.2463,152.2347
-37.3693,147.398
-34.1503,147.1006
-29.4191,152.9314
-30.0511,147.5869
-30.7707,148.2343
-32.0058,149.2662
-35.9606,144.9557
-34.2916,144.0423
-33.3825,147.1512
-33.5493,149.3672
-33.6012,146.4063
-31.5194,148.7309
-29.6889,153.2103
-36.8641,142.667
-35.7422,141.3772
-36.4137,145.8337
-34.1865,145.8686
-36.8326,146.6636
-34.6355,148.1314
-36.8189,141.7452
-35.2197,144.1555
-30.3023,148.9019
-29.4522,152.4028
-35.7995,148.7428
-34.2501,146.4189
-34.9696,147.6707
-37.4522,142.9277
-37.3763,141.0584
-37.9579,143.6342
-31.9562,151.2277
-30.4091,152.9654
-34.5726,146.0941
-30.1092,152.5773
-29.3043,151.6201
-27.7714,148.1252
-29.0143,148.7429
-28.9043,151.4309
-36.4052,143.1519
-29.2716,152.4406
-29.1481,149.0822
-30.1493,150.8103
-41.3702,145.0499
-31.0786,149.4508
-36.1685,146.4267
-29.279,151.625
-35.7498,140.581
-30.876,147.516
-34.9137,146.0118
-36.4338,141.3786
-41.4396,146.9778
-32.6893,151.8575
-28.9998,153.1074
-35.8418,146.692
-34.2019,146.7872
-36.3487,141.1248
-27.5972,151.1153
-34.4313,142.2805
-33.6947,146.2984
-33.9546,145.6394
-33.5885,150.2585
-35.8321,140.9268
-36.4637,142.682
-43.1937,146.9151
-31.998,149.2212
-28.2313,150.4082
-41.0286,145.3032
-32.6385,146.6161
-30.1967,149.5458
-36.9573,141.4188
-35.4723,146.5442
-28.9836,152.1991
-37.8764,145.8671
-34.2102,148.0204
-31.9335,145.8357
-36.8847,142.6436
-34.9952,146.0
-33.0574,148.4869
-30.2613,149.5416
-28.7603,152.3737
-36.3956,141.6186
-27.4535,151.0715
-35.5354,147.6606
-37.4058,147.9737
-35.1992,148.4243
-29.8727,152.5697
-33.6892,148.5759
-38.5225,146.2849
-37.6929,149.4336
-34.4956,146.2691
-36.344,149.7271
-36.1054,146.1631
-38.4938,146.1225
-32.6318,151.2457
-29.2364,150.3777
-31.5165,152.0925
-28.5921,149.1097
-33.3856,150.4992
-32.6487,151.8039
-37.0051,142.1721
-29.6944,150.4749
-27.982,151.6982
-28.2016,147.517
-37.2302,145.5594
-35.6118,141.9886
-31.5469,152.6203
-36.1734,141.3242
-28.9302,152.7989
-27.8106,149.2256
-37.7875,142.9971
-37.599,145.4566
-28.0256,140.9146
-30.6213,152.988
-29.1732,152.5689
-34.3759,146.9093
-29.2165,148.8137
-37.6273,149.598
-28.4024,151.0234
-27.9535,148.0471
-30.7422,152.237
-33.2137,148.6659
-32.537,146.1306
-27.8438,147.3302
-37.1673,142.2695
-35.9837,144.5326
-31.2934,147.0786
-34.7762,147.2401
-35.21,145.5198
-36.9213,141.8747
-27.9062,148.7957
-35.5395,150.2136
-34.0139,140.6626
-34.2325,146.6649
-38.0011,143.6217
-35.7699,145.6664
-34.1433,146.8628
-30.927,152.169
-43.354,146.9479
-35.4257,145.9531
-35.6382,145.5292
-35.2164,146.8483
-30.4726,148.7103
-35.8295,146.7659
-37.8032,143.0271
-34.4701,146.2345
-35.7806,146.1013
-34.7196,146.9457
-30.888,152.1401
-37.6164,145.5357
-34.4827,148.5345
-30.0854,148.1396
-31.8885,152.4492
-37.726,147.1206
-36.3649,149.7282
-34.5118,145.7858
-36.3517,141.1002
-38.0153,143.5195
-35.6924,147.0753
-29.4254,152.6876
-33.0426,148.7124
-30.8727,151.6244
-36.4344,141.6175
-34.7081,146.8109
-37.7816,142.2251
-34.7278,147.5309
-41.3603,148.2283
-35.6269,144.2698
-28.7795,147.7059
-36.6535,147.7433
-33.1891,146.42
-33.9649,149.8837
-34.4604,150.884
-36.1516,146.4872
-28.6677,150.1041
-30.7686,152.4223
-30.1074,147.7465
-36.1279,145.7097
-31.8419,149.174
-36.3823,141.901
-37.009,147.1061
-33.9575,149.8709
-34.6494,147.8145
-27.3994,151.0997
-29.3826,150.8262
-33.9294,147.4398
-41.4778,146.6529
-34.8306,145.9226
-35.5894,149.9645
-29.7613,152.5652
-32.3586,147.1524
-32.7558,146.4696
-34.7656,140.5251
-33.9944,148.2373
-35.6307,147.6685
-35.5817,146.664
-37.7081,146.5078
-32.6992,150.7899
-35.6489,141.99
-35.6489,143.9749
-35.6104,146.0604
-32.0012,146.7903
-29.0136,152.866
-29.911,152.8919
-41.193,147.4167
-28.5478,152.841
-37.2443,140.7892
-42.4903,147.5193
-35.8946,140.5355
-33.3798,147.3936
-28.0935,152.5645
-38.2436,146.4863
-31.8553,148.8937
-37.4609,144.0365
-30.9812,146.6448
-30.9687,151.4575
-35.6228,146.6202
-37.1912,142.2895
-27.4339,151.048
-32.5723,146.8836
-38.2306,147.1696
-36.6132,145.2977
-38.0282,143.8844
-28.776,150.3756
-37.3453,145.5944
-35.5264,146.6099
-43.1028,146.1296
-37.3541,149.7922
-32.0675,144.9915
-41.5113,147.8591
-30.7548,152.0719
-37.8808,145.3111
-36.3494,146.0518
-35.157,143.9043
-34.4673,150.8863
-37.7616,148.8893
-28.2498,147.6265
-32.3879,147.1415
-35.3215,147.1214
-37.0401,142.9405
-35.5746,147.99
-31.36,152.288
-35.9067,145.933
-29.0002,146.5625
-28.8726,140.6644
-29.3642,152.8977
-27.9336,147.7031
-34.4049,146.1209
-37.4817,149.4025
-32.7843,150.8777
-41.0991,145.3294
-42.2218,146.7913
-36.963,143.527
-37.4395,143.0293
-31.6944,146.2937
-35.7313,146.8719
-33.4119,146.9105
-29.3549,151.6816
-42.8239,147.0986
-29.1172,148.0824
-34.6355,146.9615
-28.1848,147.7602
-35.4582,148.911
-27.8111,151.2731
-33.6111,149.8425
-31.4688,151.2543
-29.1063,142.232
-38.3071,143.9452
-30.5753,147.5524
-33.0678,151.2974
-35.5188,150.0217
-36.0634,145.6442
-28.2692,150.0179
-28.3831,148.6483
-37.6201,140.8221
-36.4763,149.5452
-32.6714,150.7804
-37.3772,144.93
-35.9272,145.7952
-32.2395,148.873
-34.1133,147.1612
-27.6746,148.3255
-34.3811,140.5078
-36.7526,145.3101
-40.5167,148.1847
-36.9897,142.6273
-29.0818,148.7114
-37.6602,142.931
-42.1471,147.3815
-34.4611,150.8851
-35.1512,148.3752
-28.4789,140.5034
-33.1753,149.7701
-30.7339,152.0389
-37.4164,145.5699
-34.9951,146.9144
-33.6774,150.5746
-29.3386,146.267
-28.4172,150.1104
-35.6518,146.0187
-36.2374,140.8407
-30.7057,149.7733
-37.7369,146.5663
-32.682,150.7787
-34.4664,150.8904
-30.9295,150.8916
-37.7715,145.9553
-30.3692,151.4227
-36.2727,146.0153
-36.8221,146.1354
-29.3929,148.4027
-37.8477,147.237
-34.9254,147.0685
-32.6431,146.7284
-28.3367,149.1356
-36.1827,149.2931
-34.178,146.1723
-34.1473,147.8486
-34.6453,145.7845
-34.6093,148.5825
-34.663,147.7319
-32.4455,146.5685
-35.888,150.0087
-29.3277,149.2893
-35.3556,147.5513
-37.4411,148.2638
-35.0864,143.736
-28.3367,150.3516
-32.6028,150.5817
-36.2947,144.2407
-29.0723,150.7993
-31.6075,152.7162
-29.2299,149.4702
-29.7113,150.914
-33.252,150.8638
-28.7327,147.1349
-31.0178,152.0587
-37.0958,147.5151
-34.5685,146.7182
-35.5757,146.3362
-40.8938,144.73
-31.2504,147.0929
-37.0263,148.7779
-37.4203,142.8203
-32.8648,148.9176
-32.8394,146.4783
-27.5456,147.5615
-35.879,145.4134
-34.4616,150.88
-36.9136,149.3595
-27.913,150.6009
-31.6065,149.7022
-34.3575,147.2195
-34.8692,146.3722
-27.5189,151.9524
-32.84,151.5045
-35.1079,147.3997
-37.1439,140.7544
-27.7056,148.3708
-28.0311,152.2224
-41.99,148.2611
-32.1801,149.1929
-31.8259,145.7778
-35.8639,146.8203
-36.3492,141.3577
-29.4,149.6394
-36.1159,145.9442
-29.414,152.9814
-31.2313,152.3951
-27.9544,150.9965
-37.6285,148.4464
-33.5115,148.1064
-31.7637,145.4532
-40.9472,145.3261
-33.958,149.8625
-38.0398,142.8441
-29.522,148.6793
-35.5724,150.137
-30.0429,152.2802
-29.2514,150.7978
-28.648,147.9277
-36.4762,149.5148
-35.3447,146.9063
-36.1855,149.9325
-35.1145,141.2627
-37.3255,148.6458
-31.0142,151.9644
-33.8025,150.4508
-28.6959,152.2228
-29.4316,149.3493
-29.1778,150.9474
-37.8518,142.4562
-33.6777,142.6005
-30.5887,140.7057
-35.226,142.3139
-30.6964,152.6077
-36.4876,144.8828
-33.808,140.6089
-29.446,150.5697
-36.3389,141.7542
-33.253,150.7816
-42.2455,146.6637
-27.7026,147.4524
-35.9971,146.6832
-27.5488,152.5015
-27.9266,153.1305
-42.293,146.7685
-35.6571,145.7676
-28.4806,140.4885
-34.9695,147.4322
-34.4724,150.8891
-28.1097,144.9946
-41.3186,144.9376
-27.9112,150.4776
-30.7408,152.1829
-34.8665,146.4218
-32.6466,150.7636
-30.9479,152.0974
-37.3077,143.0601
-35.4188,148.0008
-30.118,151.6243
-29.6449,152.1171
-29.0372,150.805
-36.8384,147.0636
-37.4822,146.7751
-37.7553,146.2851
-29.3172,150.8136
-35.5524,147.6778
-36.2898,145.5717
-34.2183,146.9473
-36.3476,142.3726
-31.4829,151.2153
-35.7768,145.6064
-28.2644,150.961
-32.1407,147.1701
-34.2211,147.4756
-37.7383,143.1707
-29.8867,152.7148
-27.4359,149.4
-37.2126,146.3729
-28.9994,153.0408
-37.3204,148.3763
-37.6102,148.5464
-35.8344,146.9127
-36.0649,146.603
-28.7983,140.5669
-36.5497,145.5729
-30.8657,145.9314
-38.0799,143.2449
-27.7423,149.2272
-35.759,147.1643
-37.6957,148.6944
-28.7921,152.2183
-38.3025,145.9725
-31.1608,148.9971
-34.3405,147.3863
-35.3015,145.5045
-36.3462,141.5583
-37.7218,145.9755
-37.0392,142.1851
-35.7906,145.6165
-41.3158,146.6371
-28.9135,153.1798
-32.0372,151.9764
-31.4552,151.6178
-42.4645,147.3803
-29.4844,152.2361
-36.8883,141.6317
-36.2371,140.5796
-32.0897,149.6695
-33.7497,145.9079
-36.2158,148.5814
-37.5286,148.7438
-41.1054,144.8678
-37.67,149.068
-35.4896,143.2092
-27.7583,141.6467
-37.6987,143.4573
-37.7173,146.2871
-32.7753,151.3134
-34.0651,145.9804
-36.3045,149.3201
-30.598,148.6333
-35.116,146.5786
-28.2229,148.643
-37.4522,145.2335
-28.3817,148.2373
-34.4169,142.2633
-34.9135,145.7691
-35.8255,145.925
-27.7698,150.9013
-29.3878,145.1226
-37.9185,143.866
-29.2304,148.5832
-33.6589,148.5949
-31.6028,147.27
-29.7693,150.3393
-32.505,150.8764
-34.5987,144.6729
-31.6572,145.9227
-41.6546,146.2856
-35.6457,148.0835
-30.8117,152.2868
-28.9523,148.8966
-36.2977,140.9548
-35.9113,146.8089
-41.1244,145.2539
-37.5428,145.3945
-36.2213,146.3108
-34.2618,150.2061
-29.905,141.0965
-37.8707,143.2283
-28.5662,140.5728
-35.1525,143.6598
-28.3185,142.688
-40.9197,145.3756
-35.9397,146.5688
-33.0576,150.8545
-27.4777,153.4543
-31.6937,146.3137
-37.5681,142.759
-29.3737,149.5708
-42.6127,147.6527
-36.7334,149.3494
-33.4276,148.0461
-28.4301,150.8798
-34.0146,148.1805
-33.9815,148.7072
-34.9617,147.0532
-33.7329,146.934
-36.9267,145.8824
-40.9646,144.9713
-28.99,152.2363
-29.2544,152.7058
-37.3486,142.2073
-37.7236,142.9471
-33.0894,146.7633
-28.4247,148.0813
-35.577,147.0826
-29.3103,148.3655
-35.474,145.3608
-34.534,145.8712
-27.89,150.8551
-36.5453,146.9733
-34.9052,147.489
-37.0645,143.9092
-31.1401,149.178
-34.1142,141.0049
-41.1275,144.8843
-41.3611,147.2493
-27.4833,147.5736
-29.7065,148.307
-27.7032,152.2849
-35.735,145.5953
-35.6069,146.859
-36.1203,141.4299
-35.9556,146.6528
-31.4686,148.8864
-41.1243,145.3487
-28.1366,150.7178
-29.1718,151.5622
-31.8207,145.6275
-35.5129,145.8424
-36.4545,145.6698
-30.8185,151.9627
-34.4292,147.7984
-27.6885,148.3289
-28.6757,140.9979
-35.2482,143.4796
-33.8185,150.8391
-28.4334,148.1524
-36.1379,147.4187
-31.814,148.3761
-34.3924,147.4296
-28.9561,152.793
-29.1687,151.9581
-28.4775,149.8884
-35.907,146.0536
-36.8134,148.606
-27.4218,147.9564
-34.9216,140.9388
-33.8233,150.2464
-38.5122,146.4007
-34.3945,145.7517
-33.3807,149.0085
-32.2206,147.9333
-33.6375,151.1047
-34.1205,148.464
-37.825,142.7559
-35.8143,146.226
-42.124,147.0031
-30.9008,151.6288
-34.4488,148.3212
-28.4278,142.949
-34.4316,146.0576
-36.2598,141.279
-35.6938,146.4219
-31.7049,146.3096
-29.0937,152.3291
-29.202,148.596
-33.2535,146.9824
-37.9744,143.1284
-34.7533,148.7458
-41.3302,144.9438
-36.1586,145.499
-35.4794,150.2162
-31.1126,152.8518
-29.3183,150.2731
-34.4668,150.8828
-34.4402,148.3723
-37.5155,143.0741
-30.2503,152.5571
-36.9209,147.0136
-38.2605,146.666
-34.5131,146.7001
-35.5684,145.5234
-33.18,150.6204
-42.3965,146.6698
-35.723,146.1571
-35.4613,150.3664
-35.3384,143.3325
-27.6551,149.0097
-36.3672,140.8381
-35.3368,147.1355
-34.8051,147.411
-42.2055,147.715
-34.9083,146.0535
-28.9629,149.8655
-34.9014,146.8816
-33.9534,149.7771
-37.4502,142.7636
-34.8857,145.9924
-28.7627,153.0265
-31.5832,151.9163
-33.8854,146.5056
-30.1622,152.1671
-28.8574,143.2099
-38.2334,143.953
-34.8615,148.6855
-31.2767,152.5645
-41.4084,147.2878
-34.4686,150.8862
-30.7478,151.1516
-33.6159,147.6326
-38.0029,146.6582
-36.0431,149.3052
-35.0111,145.9402
-41.662,147.8164
-29.8211,152.5797
-35.0293,144.0398
-30.8111,151.3366
-30.7728,150.4118
-37.0994,143.9138
-27.5351,151.2681
-41.1188,144.7858
-36.5991,147.729
-28.3204,141.5942
-28.0299,153.0514
-37.4602,148.5105
-36.6425,142.6176
-38.0223,143.9956
-41.7992,145.1602
-28.3252,146.9413
-36.5828,142.2004
-34.049,140.4927
-34.7902,147.3837
-34.4649,150.878
-31.8048,145.8376
-37.8625,143.2851
-40.9296,145.407
-29.2514,149.152
-33.161,147.0566
-29.9376,152.6616
-35.5317,142.2441
-41.0424,145.3011
-28.6377,149.8703
-27.4039,150.4186
-36.0622,145.973
-36.9549,142.14
-36.1686,145.3144
-35.397,147.1902
-29.1299,152.3555
-33.828,147.7294
-35.551,142.0374
-29.2086,148.3773
-30.0171,140.7611
-31.4257,152.3873
-29.2052,149.4684
-42.7792,145.6604
-37.4361,142.2126
-41.6132,146.1272
-29.0374,151.7115
-33.9127,145.6825
-30.2516,152.5506
-29.2446,152.2653
-37.6124,149.5455
-35.9069,146.3058
-29.1492,151.2782
-34.1409,146.998
-37.203,148.3481
-36.5076,144.7442
-36.4845,145.5112
-30.2083,152.1501
-29.5541,151.1461
-28.948,140.9397
-27.7952,147.4254
-29.961,151.8193
-30.6644,145.984
-34.9528,147.4076
-35.6071,146.6842
-31.6396,148.1838
-27.4874,149.1451
-37.6586,149.5121
-27.543,147.8675
-37.6695,148.5306
-33.3893,149.8542
-42.0444,147.0365
-34.2435,147.7721
-31.3774,151.6806
-27.9774,140.9899
-35.005,141.1863
-31.646,148.1179
-37.5285,143.0917
-34.1782,142.4277
-36.0857,145.8636
-43.1123,147.8976
-36.479,149.6971
-34.9299,147.2621
-41.1319,144.8739
-30.2234,150.9038
-28.4983,147.5126
-35.6187,144.2825
-33.7928,150.8908
-35.8116,141.1249
-29.5635,149.9637
-34.0137,150.5219
-32.9132,146.3988
-30.9526,152.0551
-27.5881,147.3679
-34.2652,140.6776
-38.3633,146.6211
-29.566,140.9107
-34.5642,147.5716
-36.9098,145.8336
-36.5748,144.0106
-36.3074,142.5661
-33.051,148.7667
-35.588,149.6916
-35.7972,144.8184
-31.5229,152.4955
-36.6448,147.7363
-28.902,152.3113
-28.7675,146.0327
-36.0583,143.5621
-28.6823,152.5383
-34.6157,145.8476
-33.9224,148.2504
-36.1529,145.9918
-30.7557,152.0889
-28.0512,151.0978
-38.0985,145.1626
-29.2203,152.7254
-33.7133,147.2923
-33.4062,148.1438
-28.0185,147.2532
-35.5386,144.8005
-35.5843,145.6407
-31.4039,151.6826
-33.567,148.2139
-37.8789,140.9266
-36.4813,144.7478
-31.6078,151.9945
-35.1455,146.8024
-27.6941,141.6431
-27.6088,141.891
-37.3236,143.2699
-31.3388,152.8623
-38.3438,143.6013
-36.3787,140.7394
-32.7983,150.9024
-36.793,142.3338
-37.7413,142.0798
-30.2165,152.5175
-37.9802,144.1709
-36.3447,145.6771
-37.6173,145.8979
-36.1976,142.042
-33.7567,147.4251
-34.6088,147.0378
-28.8515,148.0139
-27.8668,148.1414
-37.904,145.2483
-41.3717,148.2282
-31.5562,148.6814
-31.7829,152.1984
-35.5005,146.4354
-35.8065,145.7145
-37.4154,142.3007
-37.1777,148.991
-34.4661,150.8887
-30.1441,152.4417
-34.0646,148.4775
-33.848,149.6053
-38.38,142.5864
-38.0011,141.3045
-36.7004,143.1544
-28.7184,148.9669
-35.7993,148.1225
-36.412,145.6211
-32.3052,151.3821
-34.7753,146.057
-27.476,150.499
-37.8047,142.1474
-28.4267,149.3794
-35.3084,144.0378
-36.145,147.5526
-29.2241,148.6923
-32.6729,146.1797
-35.5607,145.5598
-32.7582,147.3288
-37.7726,146.5448
-29.1767,150.3726
-34.4091,146.8174
-35.4147,145.9809
-38.4973,146.4179
-42.1422,147.4123
-35.5857,150.2012
-34.5938,141.4187
-35.9751,147.3
-29.0836,152.2777
-36.2517,142.3332
-36.0825,149.8477
-36.0729,141.5871
-27.8197,148.7429
-37.5139,143.0636
-31.93,145.8755
-29.5855,152.9425
-30.6601,150.9135
-33.9785,145.971
-34.6592,147.2377
-31.0939,152.3557
-34.4693,148.006
-36.8209,142.3321
-36.1095,149.0583
-29.0433,149.7209
-28.9337,147.5345
-43.287,146.9047
-35.4848,146.5624
-29.6232,149.2112
-37.6339,143.0051
-41.3458,147.566
-37.0871,142.344
-28.4644,145.4285
-35.9914,143.9557
-34.468,150.8907
-30.3259,151.4762
-36.5858,143.0194
-34.8559,147.3433
-34.1223,147.9784
-34.1401,148.4056
-41.3367,148.1903
-35.7858,146.6834
-35.4915,142.8436
-30.0854,148.1396
-32.6015,150.6331
-29.2616,151.2114
-36.1167,145.7186
-28.4606,151.6024
-41.2793,147.345
-36.0465,145.5641
-36.1428,147.491
-43.0641,147.0042
-35.9379,146.4398
-37.321,148.4525
-36.3367,140.7232
-33.8586,149.1931
-35.9543,146.1856
-35.0024,145.9796
-35.01,147.4833
-35.4192,148.2357
-37.3827,142.3065
-35.3561,147.1729
-33.7753,149.588
-31.4136,148.7504
-30.8683,145.9096
-27.8949,147.4033
-28.5161,149.6781
-35.8793,141.4265
-34.4357,147.6306
-28.9033,150.6903
-43.2531,147.0319
-29.5053,151.0968
-35.5426,148.2893
-30.4293,152.9441
-31.392,148.5147
-35.6919,146.4617
-31.5772,150.7254
-36.6115,144.0765
-29.1671,152.8894
-29.4984,149.0888
-33.2016,147.0716
-28.0964,149.2872
-28.462,142.2969
-37.7206,142.5667
-35.5235,145.8329
-35.0092,147.3469
-42.4028,146.4907
-37.8253,143.4591
-34.9623,147.5814
-37.714,146.5981
-36.7284,144.0491
-41.2839,148.2461
-41.7104,148.1561
-27.549,148.3859
-28.6989,152.2385
-35.0738,149.3615
-30.6237,148.0726
-30.9579,151.9699
-37.1316,149.6245
-36.7426,141.1809
-27.9154,148.8695
-31.3061,148.9501
-35.2107,145.624
-27.6718,152.1641
-28.1762,149.7031
-28.9412,152.6238
-37.1578,148.5611
-37.5587,148.8009
-31.351,147.7454
-29.4847,152.1371
-32.0158,152.3601
-28.2791,149.3758
-34.2107,147.2591
-34.7277,142.8644
-31.8265,146.4291
-32.3051,148.4544
-35.4043,144.9096
-35.8362,146.9014
-30.6244,147.779
-30.9078,146.0969
-34.8085,148.0726
-37.6665,142.4014
-34.4479,146.2747
-35.8665,146.8531
-29.0496,148.8094
-28.2482,147.6369
-37.4381,143.1286
-31.1345,146.7187
-31.1059,152.7437
-28.0344,153.3281
-28.9649,147.5495
-29.3618,148.3363
-36.1183,143.5647
-33.6865,146.4116
-41.4302,145.7896
-36.9297,143.4888
-28.3246,151.155
-33.1021,146.7462
-27.4684,147.5739
-29.9876,152.4235
-32.7719,146.6181
-37.2865,144.9176
-31.894,150.8223
-28.2968,151.066
-28.3845,152.2069
-28.8149,142.5259
-35.354,148.7037
-31.0249,147.5316
-30.0696,145.7819
-38.2506,146.4021
-40.8803,145.3992
-37.891,143.345
-31.2765,152.5433
-40.9674,147.816
-35.9128,141.8639
-29.3491,148.5757
-28.2769,147.8632
-37.2047,148.871
-29.5145,140.705
-35.4308,145.7717
-27.7703,152.2736
-33.2898,149.0984
-32.4344,147.6534
-37.5064,145.7564
-29.2413,151.4441
-27.6013,149.5426
-38.2082,143.6995
-30.4354,152.0858
-31.1778,151.621
-37.0347,147.1057
-33.9916,149.8846
-35.6267,141.8251
-27.5758,150.2476
-36.7191,140.8578
-43.0685,145.8396
-35.6947,141.903
-33.8339,142.7462
-29.4768,152.513
-37.5054,145.7529
-31.8128,145.7721
-28.3008,142.5022
-34.6523,147.7919
-34.5639,146.7214
-34.3652,150.4203
-31.4055,148.4526
-34.3654,145.9439
-34.4651,150.8857
-36.0613,145.8327
-36.3333,144.3346
-30.265,147.7971
-27.6666,153.0456
-29.2381,152.1574
-28.8881,148.9921
-33.637,147.6315
-42.3627,146.9645
-28.3124,141.5194
-37.0057,149.9206
-37.6181,148.6961
-35.5817,140.7269
-41.6434,146.8729
-29.0567,148.8023
-27.8008,152.2194
-37.7031,146.4032
-28.8284,147.7917
-33.5592,146.6331
-27.5999,149.1792
-34.6943,145.8124
-35.041,146.9683
-42.1802,147.9556
-27.5712,148.3821
-41.0591,146.9447
-27.9688,151.6972
-28.3276,150.9676
-28.6674,147.9509
-37.4492,145.2767
-32.6091,151.8099
-27.9114,150.1261
-36.9549,142.14
-37.0975,143.3485
-30.7954,149.0723
-28.377,150.5234
-27.698,148.3268
-38.2342,147.1689
-28.4248,149.2327
-36.3366,146.1249
-32.6455,150.4474
-33.2158,146.8053
-35.4201,147.1886
-34.4628,150.8822
-29.9288,151.0609
-36.2797,145.903
-27.7959,152.5481
-34.4745,146.068
-43.1483,147.7331
-36.9577,143.8834
-37.4871,146.4043
-37.3347,143.044
-32.2049,147.7903
-36.8295,142.1685
-32.012,151.7828
-27.6759,147.8359
-35.4641,141.8649
-37.7103,148.9941
-41.0927,147.7839
-28.934,145.5566
-36.4347,141.1048
-35.7729,146.1847
-36.7161,141.0007
-31.3403,149.0276
-28.354,151.702
-35.9601,145.6201
-28.5889,149.643
-35.5511,147.6887
-37.6597,147.6137
-28.9809,142.6395
-34.6064,147.3155
-28.3986,151.7734
-36.5316,144.742
-38.0107,145.2617
-37.8164,146.1922
-31.732,151.3786
-37.8327,144.7903
-27.9397,152.4299
-42.7356,147.3979
-29.7739,152.347
-37.6357,143.3575
-41.1296,147.9084
-41.0886,144.8101
-36.7986,140.8803
-36.329,145.8361
-38.2259,147.1716
-27.6609,151.2374
-29.9553,151.0232
-41.9268,147.2395
-33.8419,149.4244
-28.3278,148.0405
-34.847,142.2429
-27.4397,151.0484
-29.3588,144.8629
-37.4876,148.8598
-35.3495,140.9757
-34.2278,142.2937
-34.1538,147.2487
-37.4991,148.3343
-37.7495,146.2481
-37.6252,149.3833
-34.6486,147.746
-27.5276,148.9372
-37.6315,142.4294
-34.8127,140.5541
-35.7074,141.3574
-35.9413,142.4156
-32.3387,151.8375
-38.5328,146.7239
-31.955,149.4542
-28.2566,151.2263
-28.7317,148.8213
-35.8123,146.7173
-37.4825,148.6185
-34.9858,147.4455
-38.3486,146.608
-33.0195,142.9228
-29.0288,152.7264
-29.9429,142.4371
-35.2148,147.0957
-31.2167,151.8194
-36.1078,145.8456
-41.3048,146.1453
-31.3923,150.0883
-29.4094,152.9586
-33.9972,147.2758
-34.4097,146.6196
-37.9028,145.2396
-32.4694,146.2127
-37.4351,143.4902
-33.6035,147.0549
-36.8065,142.3287
-35.7243,146.0604
-36.5028,146.7793
-29.3075,152.6408
-34.882,147.3349
-29.9898,152.8847
-37.3827,142.3065
-30.7987,143.4872
-37.0474,142.2687
-36.9386,149.347
-33.3847,146.6331
-36.8108,146.6131
-33.7769,147.4179
-34.4603,150.8797
-37.4014,147.0111
-35.7541,146.5747
-29.9234,152.3051
-27.7757,148.5733
-36.4588,140.84
-30.8148,152.2202
-42.5622,146.6532
-36.124,146.5192
-35.5129,148.2355
-41.1236,145.3213
-30.8626,146.1438
-37.4303,143.2333
-38.0039,142.4172
-34.9691,146.844
-32.0886,147.9491
-37.5815,143.4365
-35.9703,141.9943
-28.6915,148.8122
-28.3448,149.9551
-30.3746,148.2822
-34.6695,145.9324
-28.3756,149.8449
-30.7161,146.0341
-35.6689,145.2757
-37.3508,148.3365
-29.603,152.6122
-28.4494,140.6369
-35.2672,141.0184
-28.9622,149.1623
-28.2899,149.1478
-35.1924,146.9137
-28.4674,148.3817
-28.3062,148.7195
-36.639,145.2565
-27.937,144.1106
-29.9711,153.1179
-33.8525,147.7006
-35.4721,147.116
-35.1927,147.6645
-29.9407,150.4812
-28.3885,148.8853
-35.5702,144.5759
-41.3677,146.9777
-35.4044,146.7549
-34.0576,147.9465
-28.7517,147.0777
-34.1862,145.925
-27.8749,147.735
-35.3154,144.0639
-42.4217,146.5377
-30.9532,152.555
-35.8887,146.2841
-38.0296,143.4872
-27.4144,149.3071
-35.9708,147.3638
-36.3504,142.8506
-34.4866,147.9425
-29.3031,150.3206
-33.1564,150.732
-36.5644,147.2749
-33.0238,148.4799
-29.575,140.787
-36.9448,149.3827
-35.745,140.647
-33.9342,146.6184
-30.0857,149.4595
-35.1811,145.966
-37.4286,146.0524
-36.3841,149.7311
-36.3022,143.3709
-38.1701,141.9104
-30.0187,152.9656
-30.5475,144.5593
-41.1113,144.8649
-41.1787,147.4946
